is_card,set_code,rarity_code,character_name,card_number,confidence,notes,file_path,filename,current_directory,needs_move,move_to
TRUE,TF01,XR-SH,Optimus Prime,001,high,These cards are from the G1 cartoon series and belong to the ,D:\dev\p\trading_card_games\kayou_transformers/TF01/cards/ebay_227199105264_01.jpg,ebay_227199105264_01.jpg,TF01,FALSE,NA
TRUE,TFEU01,WR,Zarina,002,high,Transformers Energon Universe,D:\dev\p\trading_card_games\kayou_transformers/TF01/cards/ebay_227199105264_02.jpg,ebay_227199105264_02.jpg,TF01,TRUE,TFEU01
TRUE,TF01,UR,Optimus Prime,006,medium,"G1 cartoon style, Chinese text on cards, card numbers like R-001, SR-005.",D:\dev\p\trading_card_games\kayou_transformers/TF01/cards/ebay_227199105264_03.jpg,ebay_227199105264_03.jpg,TF01,FALSE,NA
FALSE,TF01,,,,high,Looney Tunes All-Stars trading card box.,D:\dev\p\trading_card_games\kayou_transformers/TF01/cards/ebay_227199105264_04.jpg,ebay_227199105264_04.jpg,TF01,FALSE,NA
TRUE,TF01,R,Spider-Man,001,high,"G1 Animated Version, Marvel Comic - 1983",D:\dev\p\trading_card_games\kayou_transformers/TF01/cards/ebay_227199105264_05.jpg,ebay_227199105264_05.jpg,TF01,FALSE,NA
FALSE,TF01,UR,Megatron,R-001,high,"G1 cartoon style, Chinese text.
Art style:
- TF01-TF03 (Series 1-3): G1 cartoon style, Chinese text, rarities BP/LR/AR/UR/SHR/SSR/HR/SR/R. Card numbers like R-001, SR-005.
TFH01 (Headmasters): Headmasters anime style, includes SL (Scene. Landscape) horizontal cards. Rarities: BP/PR/UR/SSR/SR/SL.
TF40Y (40th Anniversary): Mixed G1/Beast Wars/Movie art. XR limited to 199 copies. Rarities: XR/USR/CR/LGR/UR/HR/SSR/SR + SCR/TY/PR exclusives.
TF02 (Series 2): 124 cards, rarities: BP/LR/AR/UR/SHR/SSR/HR/SR/R. ""TF01"":""TF01"".
TFH03 (Headmasters 3): 124 cards, rarities: BP/LR/AR/UR/SHR/SSR/HR/SR/R. 124 cards
TFH04 (Beast Wars): 124 cards, ""rarities: UR/SHR/UR/SSR/HR/SSR/HR/SR/TP. 124 cards.
TF05 (G1 Series): 124 cards, rarities:  , ""rarities: 006. 
TF05 (G1 Series 3): ""The list of card numbers is not complete.
TF06 (Transformers 4th Anniversary): 124 cards, rarities: BP/LR/AR/UR/SHR/SSR  , ""rarities: 007. 
TF07 (Beast Wars: 124 cards, rarities: BP/LR/AR/UR/SHR/SSR  , ""rarities: 008. 
TF08 (Beast Wars: 124 cards, ""rarities: "" (""rarities: 009. 
TF08 (Beast Wars: 124 cards, ""rarities: 010. 
TF09 (Transformers:  ",D:\dev\p\trading_card_games\kayou_transformers/TF01/cards/ebay_227199105264_06.jpg,ebay_227199105264_06.jpg,TF01,FALSE,NA
TRUE,TFEU01,XR,Man-Thing,WR-001,high,WALL-CLHINGPOWERS,D:\dev\p\trading_card_games\kayou_transformers/TF01/cards/ebay_227199105264_07.jpg,ebay_227199105264_07.jpg,TF01,TRUE,TFEU01
FALSE,TFEU01,TP,Roger Rabbit,,medium,"This is the packaging for a Topps Roger Rabbit trading card set. Topps is known for its Topps cereal boxes. The fact that you see a sticker inside suggests it's a sticker set. Typically, Roger Rabbit would appear as a character in this case.",D:\dev\p\trading_card_games\kayou_transformers/TF01/cards/ebay_227199105264_08.jpg,ebay_227199105264_08.jpg,TF01,FALSE,NA
TRUE,TFH01,SHR,Kim Kong,SHR-005,high,"Not a trading card image for a Transformers series, but an image of a card from the animated TV series 'Garbage Pail Kids'.",D:\dev\p\trading_card_games\kayou_transformers/TF01/cards/ebay_227199105264_09.jpg,ebay_227199105264_09.jpg,TF01,TRUE,TFH01
TRUE,TFH01,BP,Luke Skywalker,N-A,low,"This is a 1977 Star Wars trading card featuring Luke Skywalker from The Empire Strikes Back movie, printed by 20th Century Fox. The card is formatted with the standard 20th Century Fox card number format. Luke Skywalker is a central character from the ",D:\dev\p\trading_card_games\kayou_transformers/TF01/cards/ebay_227199105264_10.jpg,ebay_227199105264_10.jpg,TF01,TRUE,TFH01
TRUE,TFH01,PR,Russ,004,high,Headmasters anime style,D:\dev\p\trading_card_games\kayou_transformers/TF01/cards/ebay_227199105264_11.jpg,ebay_227199105264_11.jpg,TF01,TRUE,TFH01
FALSE,TFEU01,,,,low,Could not identify card type and rarity.,D:\dev\p\trading_card_games\kayou_transformers/TF01/cards/ebay_227199105264_12.jpg,ebay_227199105264_12.jpg,TF01,FALSE,NA
FALSE,TF01,,,,low,"Not a card front, likely an image of a store or box.",D:\dev\p\trading_card_games\kayou_transformers/TF01/cards/ebay_227199105264_13.jpg,ebay_227199105264_13.jpg,TF01,FALSE,NA
FALSE,UNKNOWN,UNKNOWN,UNKNOWN,,high,"It's not a single card front, but a coaster with a Spider-Man image.",D:\dev\p\trading_card_games\kayou_transformers/TF01/cards/ebay_227199105264_14.jpg,ebay_227199105264_14.jpg,TF01,FALSE,NA
FALSE,TF01,BP,Optimus Prime,001,high,"The image is an illustration representing Optimus Prime, a well-known character from the Transformers series. The card number is 001, which is a basic card in the Transformers 1st series.",D:\dev\p\trading_card_games\kayou_transformers/TF01/cards/ebay_227199105264_15.jpg,ebay_227199105264_15.jpg,TF01,FALSE,NA
FALSE,TF40Y,XR,Naruck,194,high,,D:\dev\p\trading_card_games\kayou_transformers/TF01/cards/ebay_227199105264_16.jpg,ebay_227199105264_16.jpg,TF01,FALSE,NA
FALSE,TF01,,,,high,"This image does not represent a single card front; instead, it appears to be an advertisement or promotional flyer.",D:\dev\p\trading_card_games\kayou_transformers/TF01/cards/ebay_227199105264_17.jpg,ebay_227199105264_17.jpg,TF01,FALSE,NA
FALSE,UNKNOWN, UNKNOWN, UNKNOWN,UNKNOWN,low,Unknown transaction screen,D:\dev\p\trading_card_games\kayou_transformers/TF01/cards/ebay_227199105264_18.jpg,ebay_227199105264_18.jpg,TF01,FALSE,NA
FALSE,TFH01,BP,Primus Prime,*,low,The information provided seems inconsistent with the known details in the instruction. Please provide a card image for analysis,D:\dev\p\trading_card_games\kayou_transformers/TF01/cards/ebay_227199105264_19.jpg,ebay_227199105264_19.jpg,TF01,FALSE,NA
FALSE,TF40Y,CR,,,low,"This is an electronic redemption code, not a physical card from the Transformers trading card series.",D:\dev\p\trading_card_games\kayou_transformers/TF01/cards/ebay_227199105264_20.jpg,ebay_227199105264_20.jpg,TF01,FALSE,NA
TRUE,TF01,UR,Optimus Prime,001,high,,D:\dev\p\trading_card_games\kayou_transformers/TF01/cards/tca_10-yuan-box.jpg,tca_10-yuan-box.jpg,TF01,FALSE,NA
TRUE,TF01,BP,塞伯坦奥威,,low,Card features G1 art style and Chinese text.,D:\dev\p\trading_card_games\kayou_transformers/TF01/cards/tca_10-yuan-pack.jpg,tca_10-yuan-pack.jpg,TF01,FALSE,NA
TRUE,TF01,BP,SOUNDWAVE,R-009,high,This card is from Set TF01 and is a BP rarity.,D:\dev\p\trading_card_games\kayou_transformers/TF01/cards/tca_ar-008.jpg,tca_ar-008.jpg,TF01,FALSE,NA
TRUE,TF01,BP,Bumblebee,BR-034,high,Chinese text and G1 cartoon style.,D:\dev\p\trading_card_games\kayou_transformers/TF01/cards/tca_hr-003.jpg,tca_hr-003.jpg,TF01,FALSE,NA
TRUE,TFO01,UR-S,Megatron,R-009,high,"Transformers One set, G1 style card.",D:\dev\p\trading_card_games\kayou_transformers/TF01/cards/tca_hr-017.jpg,tca_hr-017.jpg,TF01,TRUE,TFO01
TRUE,TF01,BP-041,Windblade,R-041,high,"Modern Western comic art style, English text",D:\dev\p\trading_card_games\kayou_transformers/TF01/cards/tca_r-005.jpg,tca_r-005.jpg,TF01,FALSE,NA
TRUE,TF01,HR-007,Ironhide,HR-007,high,The card is from the Transformer Headmasters anime style with Chinese text on cards.,D:\dev\p\trading_card_games\kayou_transformers/TF01/cards/tca_r-009.jpg,tca_r-009.jpg,TF01,FALSE,NA
TRUE,TF01,R-001,Blurr,001,high,卡面上印有中文字符，表示稀有等级。可见卡号格式为“R-001”，表示系列1中的第1张卡。,D:\dev\p\trading_card_games\kayou_transformers/TF01/cards/tca_r-012.jpg,tca_r-012.jpg,TF01,FALSE,NA
TRUE,TF01,UR,Whirl,R-01,low,cartoon style,D:\dev\p\trading_card_games\kayou_transformers/TF01/cards/tca_r-015.jpg,tca_r-015.jpg,TF01,FALSE,NA
TRUE,TF01,UR,Thunderhool,R-005,high,This card is in the Series 1 (TF01) set and falls under the UR (Uncommon) rarity.,D:\dev\p\trading_card_games\kayou_transformers/TF01/cards/tca_r-017.jpg,tca_r-017.jpg,TF01,FALSE,NA
TRUE,TF01,SR-005,QINLU,R-0064,high,This card is specifically a rare card of 0064 among 001-124 in this set.,D:\dev\p\trading_card_games\kayou_transformers/TF01/cards/tca_r-029.jpg,tca_r-029.jpg,TF01,FALSE,NA
TRUE,TF01,R,Clobber,031/036,high,Transformers One,D:\dev\p\trading_card_games\kayou_transformers/TF01/cards/tca_r-031.jpg,tca_r-031.jpg,TF01,FALSE,NA
TRUE,TF01,LR,Grimlock,R-001,high,"This card is part of Series 1, which contains 124 cards with G1 cartoon art, Chinese text, and varied rarity codes.",D:\dev\p\trading_card_games\kayou_transformers/TF01/cards/tca_sr-005.jpg,tca_sr-005.jpg,TF01,FALSE,NA
TRUE,TF01,SR,Megatron,SR-012/020,high,"The image shows a card from the TF01 Series 1 set. The artist style is not distinguishable here, but the card uses G1 comic art in Chinese text with a Chinese numerals format.",D:\dev\p\trading_card_games\kayou_transformers/TF01/cards/tca_sr-012.jpg,tca_sr-012.jpg,TF01,FALSE,NA
TRUE,TF01,SR,Thundercracker,TF01-07,high,"G1 cartoon style, Chinese text, SR rarity",D:\dev\p\trading_card_games\kayou_transformers/TF01/cards/tca_sr-017.jpg,tca_sr-017.jpg,TF01,FALSE,NA
TRUE,TF02,SHR,Starscream,TF01-SSR-044/046,high,Chinese text on card,D:\dev\p\trading_card_games\kayou_transformers/TF01/cards/tca_ssr-004.jpg,tca_ssr-004.jpg,TF01,TRUE,TF02
TRUE,TF01,SSR,Human,TF-01SSR-SSR006016,medium,"This card is from the Transformers: Generation 1 ('G1') series and has a Chinese text on it. The card number format is 'SSR' followed by numbers. The card appears to be a collectible item from the series, although it requires further verification of the rarity code for precise identification.",D:\dev\p\trading_card_games\kayou_transformers/TF01/cards/tca_ssr-006.jpg,tca_ssr-006.jpg,TF01,FALSE,NA
TRUE,TF01,SSR,Optimus Prime,TF01-SSR-004/016,high,,D:\dev\p\trading_card_games\kayou_transformers/TF01/cards/tca_ssr-016.jpg,tca_ssr-016.jpg,TF01,FALSE,NA
TRUE,TF02,UR,Megatron,UR-05,high,Series 2 G1 transformers card with both art styles.,D:\dev\p\trading_card_games\kayou_transformers/TF01/cards/tca_ur-006.jpg,tca_ur-006.jpg,TF01,TRUE,TF02
TRUE,TF01,UR,Skywalks,008/009,high,,D:\dev\p\trading_card_games\kayou_transformers/TF01/cards/tca_ur-008.jpg,tca_ur-008.jpg,TF01,FALSE,NA
TRUE,TFKB01,HR,Drift,012,high,"Movie-style Drift card with HR rarity code visible at bottom right, card number HR-012, Chinese text present, matches TFKB01 Movie Subset characteristics",/mnt/d/dev/p/trading_card_games/kayou_transformers/TFKB01/cards/ebay_227199105264_01.jpg,ebay_227199105264_01.jpg,TFKB01,FALSE,NA
TRUE,TFKB01,HR,Drift,UNKNOWN,high,Movie-style Drift card with HR rarity marking visible in bottom right. Blue and white color scheme typical of Drift. Art style matches movie/AOE aesthetic consistent with TFKB01 subset.,/mnt/d/dev/p/trading_card_games/kayou_transformers/TFKB01/cards/ebay_227199105264_02.jpg,ebay_227199105264_02.jpg,TFKB01,FALSE,NA
TRUE,TFKB01,HR,Drift,NA,high,Movie-style Drift card with HR rarity marking visible. Live-action film aesthetic consistent with TFKB01 movie subset. Chinese text visible on card.,/mnt/d/dev/p/trading_card_games/kayou_transformers/TFKB01/cards/ebay_227199105264_03.jpg,ebay_227199105264_03.jpg,TFKB01,FALSE,NA
TRUE,TFKB01,HR,Drift,NA,high,Movie-style Drift character art with visible HR rarity marking on card. Matches TFKB01 (Movie Subset) characteristics - movie character design with Chinese text. Card shows distinctive movie aesthetic with HR rarity tier from the TFKB01 set.,/mnt/d/dev/p/trading_card_games/kayou_transformers/TFKB01/cards/ebay_227199105264_04.jpg,ebay_227199105264_04.jpg,TFKB01,FALSE,NA
TRUE,TFKB01,HR,Drift,012,high,"Movie-style Drift card with HR rarity code visible on card face, card number 012, Chinese text present, matches TFKB01 Movie Subset characteristics",/mnt/d/dev/p/trading_card_games/kayou_transformers/TFKB01/cards/ebay_227199105264_05.jpg,ebay_227199105264_05.jpg,TFKB01,FALSE,NA
TRUE,TFKB01,SR,Crosshairs,006,high,Movie-style artwork of Crosshairs with green coloring and tactical gear. SR rarity code visible on card face. Card number 006 visible. Matches TFKB01 Movie Subset characteristics with movie character art style.,/mnt/d/dev/p/trading_card_games/kayou_transformers/TFKB01/cards/ebay_227199105264_06.jpg,ebay_227199105264_06.jpg,TFKB01,FALSE,NA
TRUE,TFKB01,HR,Drift,012,high,"Movie-style Drift card with Chinese text, HR rarity code visible in bottom right corner, card number 012 visible. Movie aesthetic matches TFKB01 (Movie Subset) characteristics. Card shows typical movie design with character art and Chinese text layout.",/mnt/d/dev/p/trading_card_games/kayou_transformers/TFKB01/cards/ebay_227199105264_07.jpg,ebay_227199105264_07.jpg,TFKB01,FALSE,NA
TRUE,TFKB01,HR,Nitro Zeus,003,high,Movie Bayverse art style showing Nitro Zeus (The Last Knight character). Card shows HR rarity code and number 003 in bottom right. Distinctive movie CGI aesthetic matches TFKB01 movie subset. Card has parallel/textured finish typical of HR rarity.,/mnt/d/dev/p/trading_card_games/kayou_transformers/TFKB01/cards/ebay_227199105264_08.jpg,ebay_227199105264_08.jpg,TFKB01,FALSE,NA
TRUE,TFKB01,HR,Wheelie,NA,high,Movie-style character art of Wheelie in green. Card shows 'HR' rarity code at bottom. Matches TFKB01 Movie Subset visual style with movie character design. Chinese text visible. HR rarity confirmed visually on card face.,/mnt/d/dev/p/trading_card_games/kayou_transformers/TFKB01/cards/ebay_227199105264_09.jpg,ebay_227199105264_09.jpg,TFKB01,FALSE,NA
TRUE,TFKB01,HR,Drift,010,high,Movie-style Drift character art with blue and orange color scheme. Rarity code 'HR' visible on card face with denominator 010. Matches TFKB01 (Movie Subset) characteristics with movie character design and HR rarity tier.,/mnt/d/dev/p/trading_card_games/kayou_transformers/TFKB01/cards/ebay_227199105264_10.jpg,ebay_227199105264_10.jpg,TFKB01,FALSE,NA
TRUE,TFKB01,HR,Drift,002,high,Movie-style art of Drift from Age of Extinction/The Last Knight. HR rarity code visible in bottom left corner with card number HR-002. Blue/teal color scheme with Chinese text. Movie subset parallel card from TF02 boxes.,/mnt/d/dev/p/trading_card_games/kayou_transformers/TFKB01/cards/ebay_227199105264_11.jpg,ebay_227199105264_11.jpg,TFKB01,FALSE,NA
TRUE,TFKB01,SR,Crosshairs,SR-003,high,"Movie-style art of Crosshairs with green color scheme, SR rarity code visible in corner, card number SR-003 clearly printed, matches TFKB01 Movie Subset aesthetic with Chinese text",/mnt/d/dev/p/trading_card_games/kayou_transformers/TFKB01/cards/ebay_227199105264_12.jpg,ebay_227199105264_12.jpg,TFKB01,FALSE,NA
TRUE,TFKB01,AR,Crosshairs,013,high,Movie-style character art (Crosshairs from Age of Extinction/The Last Knight). Card shows 'AR' rarity code clearly visible. Card number '013' visible on face. Matches TFKB01 movie subset characteristics with AR rarity tier.,/mnt/d/dev/p/trading_card_games/kayou_transformers/TFKB01/cards/ebay_227199105264_13.jpg,ebay_227199105264_13.jpg,TFKB01,FALSE,NA
TRUE,TFKB01,SR,Nitro Zeus,SR-010,high,"Movie-style character art (Nitro Zeus from TF5), SR rarity visible on card, Chinese text consistent with TFKB01 parallel subset, card number SR-010 clearly printed",/mnt/d/dev/p/trading_card_games/kayou_transformers/TFKB01/cards/ebay_227199105264_14.jpg,ebay_227199105264_14.jpg,TFKB01,FALSE,NA
TRUE,TFKB01,AR,Drift,009,high,Movie-style Drift card with AR rarity code visible at bottom. Card number 009 clearly printed. Matches TFKB01 Movie Subset aesthetic with realistic CGI character art and Chinese text elements.,/mnt/d/dev/p/trading_card_games/kayou_transformers/TFKB01/cards/ebay_227199105264_15.jpg,ebay_227199105264_15.jpg,TFKB01,FALSE,NA
TRUE,TFKB01,SR,Drift,NA,high,"Movie Drift art style (samurai design), SR rarity code visible at bottom right of card, typical TFKB01 movie subset aesthetic with blue/teal coloring, Chinese text present",/mnt/d/dev/p/trading_card_games/kayou_transformers/TFKB01/cards/ebay_227199105264_16.jpg,ebay_227199105264_16.jpg,TFKB01,FALSE,NA
TRUE,TFKB01,SR,Wheelie,009,high,"Movie-style Wheelie artwork with SR rarity marking visible on card face, typical TFKB01 movie subset design",/mnt/d/dev/p/trading_card_games/kayou_transformers/TFKB01/cards/ebay_227199105264_17.jpg,ebay_227199105264_17.jpg,TFKB01,FALSE,NA
TRUE,TFKB01,SR,Nitro Zeus,NA,high,Movie-style character art (Nitro Zeus from Transformers: The Last Knight). Chinese text visible. SR rarity code clearly printed on card face. Matches TFKB01 movie subset visual style and rarity system.,/mnt/d/dev/p/trading_card_games/kayou_transformers/TFKB01/cards/ebay_227199105264_18.jpg,ebay_227199105264_18.jpg,TFKB01,FALSE,NA
TRUE,TFKB01,HR,Barricade,012,high,Movie-style Barricade card with HR rarity clearly visible. Card shows Decepticon police car design consistent with TFKB01 movie subset. Card number 012 visible on bottom right.,/mnt/d/dev/p/trading_card_games/kayou_transformers/TFKB01/cards/ebay_227199105264_19.jpg,ebay_227199105264_19.jpg,TFKB01,FALSE,NA
TRUE,TFKB01,SR,Drift,NA,high,"Movie-style Drift character art, visible SR rarity marking, consistent with TFKB01 movie subset design",/mnt/d/dev/p/trading_card_games/kayou_transformers/TFKB01/cards/ebay_227199105264_20.jpg,ebay_227199105264_20.jpg,TFKB01,FALSE,NA
FALSE,UNKNOWN,NA,NA,NA,high,"This is an autographed trading card of Robert De Niro in a tuxedo, from Leaf Metal product line. This is NOT a Kayou Transformers card - it appears to be from a celebrity/actor autograph series.",/mnt/d/dev/p/trading_card_games/kayou_transformers/TFH01/cards/ebay_227199112096_01.jpg,ebay_227199112096_01.jpg,TFH01,FALSE,NA
TRUE,TFKB01,HR,Drift,008,high,Movie-style Drift card with HR rarity code visible in bottom right corner. Card number 008 clearly printed. Matches TFKB01 Movie Subset characteristics with live-action movie art style.,/mnt/d/dev/p/trading_card_games/kayou_transformers/TFKB01/cards/ebay_227199112096_01.jpg,ebay_227199112096_01.jpg,TFKB01,FALSE,NA
TRUE,TFKB01,SR,Wheelie,SR-015,high,Movie-style Wheelie card with SR rarity code visible in top left corner. Card number SR-015 clearly printed. Green Autobot movie character art style consistent with TFKB01 (Movie Subset). Chinese text present on card face.,/mnt/d/dev/p/trading_card_games/kayou_transformers/TFKB01/cards/ebay_227199112096_02.jpg,ebay_227199112096_02.jpg,TFKB01,FALSE,NA
TRUE,TFH01,SR,Chromedome,009,high,"TFH01 Headmasters set card with SR rarity code visible on card face. Card number 009 visible. Character is Chromedome in Headmasters anime style. Chinese text present, consistent with TFH01 design.",/mnt/d/dev/p/trading_card_games/kayou_transformers/TFH01/cards/ebay_227199112096_03.jpg,ebay_227199112096_03.jpg,TFH01,FALSE,NA
TRUE,TFKB01,SR,Drift,007,high,Movie-style Drift art with SR rarity marking visible on card. Card number 007 clearly visible. Movie character art style consistent with TFKB01 subset. Chinese text present on card.,/mnt/d/dev/p/trading_card_games/kayou_transformers/TFKB01/cards/ebay_227199112096_03.jpg,ebay_227199112096_03.jpg,TFKB01,FALSE,NA
TRUE,TFKB01,HR,Crosshairs,012,high,Movie-style artwork of Crosshairs with green color scheme. Card shows HR rarity marking and number 012 at bottom. Distinctive movie aesthetic consistent with TFKB01 subset. Chinese text visible on card face.,/mnt/d/dev/p/trading_card_games/kayou_transformers/TFKB01/cards/ebay_227199112096_04.jpg,ebay_227199112096_04.jpg,TFKB01,FALSE,NA
FALSE,UNKNOWN,NA,NA,NA,high,"This is a 1983 The A-Team trading card, not a Kayou Transformers card. Wrong franchise entirely.",/mnt/d/dev/p/trading_card_games/kayou_transformers/TFH01/cards/ebay_227199112096_05.jpg,ebay_227199112096_05.jpg,TFH01,FALSE,NA
TRUE,TFKB01,AR,Crosshairs,008,high,Movie-style Crosshairs character art with trenchcoat design from Age of Extinction. Card shows 'AR' rarity code and '008' card number printed on face. Movie aesthetic consistent with TFKB01 subset. Chinese text visible on card.,/mnt/d/dev/p/trading_card_games/kayou_transformers/TFKB01/cards/ebay_227199112096_05.jpg,ebay_227199112096_05.jpg,TFKB01,FALSE,NA
TRUE,TFH01,SR,Chromedome,008,high,"TFH01 Headmasters set, SR rarity printed bottom right, card number 008 visible, Chromedome character with Headmasters anime style artwork, Chinese text present",/mnt/d/dev/p/trading_card_games/kayou_transformers/TFH01/cards/ebay_227199112096_06.jpg,ebay_227199112096_06.jpg,TFH01,FALSE,NA
TRUE,TFKB01,HR,Drift,UNKNOWN,high,Movie-style Drift card with HR rarity visible on card face. Distinctive Age of Extinction/Movie design with blue and white color scheme. HR (立体阵营卡) rarity clearly visible at bottom. TFKB01 (Movie Subset) confirmed by movie-accurate art style and HR rarity designation which matches the subset's known AR/HR/SR rarity system.,/mnt/d/dev/p/trading_card_games/kayou_transformers/TFKB01/cards/ebay_227199112096_06.jpg,ebay_227199112096_06.jpg,TFKB01,FALSE,NA
TRUE,TFKB01,SR,Drift,NA,high,Movie-style Drift card with SR rarity code visible in bottom left. Chinese text present. Art style matches TFKB01 Movie Subset aesthetic with cinematic rendering. Card shows blue and white samurai-styled Autobot with katanas.,/mnt/d/dev/p/trading_card_games/kayou_transformers/TFKB01/cards/ebay_227199112096_07.jpg,ebay_227199112096_07.jpg,TFKB01,FALSE,NA
FALSE,UNKNOWN,NA,NA,NA,high,"This is a Star Trek trading card showing 'The Trouble With Tribbles' episode, not a Kayou Transformers card",/mnt/d/dev/p/trading_card_games/kayou_transformers/TFH01/cards/ebay_227199112096_08.jpg,ebay_227199112096_08.jpg,TFH01,FALSE,NA
FALSE,UNKNOWN,NA,NA,NA,high,"This is a Who Framed Roger Rabbit trading card wrapper/packaging from Topps, not a Kayou Transformers trading card",/mnt/d/dev/p/trading_card_games/kayou_transformers/TFKB01/cards/ebay_227199112096_08.jpg,ebay_227199112096_08.jpg,TFKB01,FALSE,NA
FALSE,UNKNOWN,NA,NA,NA,high,"This is a signed Star Trek trading card ('The Vulcan Mind Meld'), not a Kayou Transformers card",/mnt/d/dev/p/trading_card_games/kayou_transformers/TFH01/cards/ebay_227199112096_09.jpg,ebay_227199112096_09.jpg,TFH01,FALSE,NA
TRUE,TFKB01,SR,Wheelie,SR-009,high,Movie-style card showing Wheelie character. Card displays 'SR' rarity marking and number '009' visible. Art style consistent with TFKB01 Movie Subset featuring TF4/TF5 era characters. Chinese text present on card face.,/mnt/d/dev/p/trading_card_games/kayou_transformers/TFKB01/cards/ebay_227199112096_09.jpg,ebay_227199112096_09.jpg,TFKB01,FALSE,NA
TRUE,TFKB01,HR,Nitro Zeus,003,high,Movie-style artwork showing Nitro Zeus with purple/blue color scheme. HR rarity clearly visible on card. Card number 003 readable. Matches TFKB01 (Movie Subset) aesthetic with realistic CGI character design from Transformers movies.,/mnt/d/dev/p/trading_card_games/kayou_transformers/TFKB01/cards/ebay_227199112096_10.jpg,ebay_227199112096_10.jpg,TFKB01,FALSE,NA
FALSE,UNKNOWN,NA,NA,NA,high,"This is a Star Trek Generations trading card/autograph card, not a Kayou Transformers card. Shows a human character with signature overlay.",/mnt/d/dev/p/trading_card_games/kayou_transformers/TFH01/cards/ebay_227199112096_11.jpg,ebay_227199112096_11.jpg,TFH01,FALSE,NA
TRUE,TFKB01,SR,Barricade,NA,high,"Movie-style Barricade art with Chinese text, SR rarity visible on card face, matches TFKB01 movie subset characteristics",/mnt/d/dev/p/trading_card_games/kayou_transformers/TFKB01/cards/ebay_227199112096_11.jpg,ebay_227199112096_11.jpg,TFKB01,FALSE,NA
FALSE,UNKNOWN,NA,Cyclops,NA,high,"This is an X-Men trading card (Cyclops character), not a Kayou Transformers card. Shows 'MEGA ULTRA X-MEN' branding. Wrong franchise entirely.",/mnt/d/dev/p/trading_card_games/kayou_transformers/TFH01/cards/ebay_227199112096_12.jpg,ebay_227199112096_12.jpg,TFH01,FALSE,NA
TRUE,TFKB01,SR,Wheelie,012,high,Movie-style artwork of Wheelie (Age of Extinction design) with SR rarity code clearly visible at bottom. Card number SR-012 shown. Red/orange color scheme with Chinese text. Movie subset parallel card.,/mnt/d/dev/p/trading_card_games/kayou_transformers/TFKB01/cards/ebay_227199112096_12.jpg,ebay_227199112096_12.jpg,TFKB01,FALSE,NA
TRUE,TFH01,SSR,Fortress Maximus,010,high,"Headmasters anime art style, SSR rarity visible on card face, card number 010 clearly printed, features Fortress Maximus in characteristic Headmasters design with Chinese text",/mnt/d/dev/p/trading_card_games/kayou_transformers/TFH01/cards/ebay_227199112096_13.jpg,ebay_227199112096_13.jpg,TFH01,FALSE,NA
FALSE,UNKNOWN,NA,NA,NA,high,"Image is a generic storefront/shop placeholder icon, not a trading card",/mnt/d/dev/p/trading_card_games/kayou_transformers/TFKB01/cards/ebay_227199112096_13.jpg,ebay_227199112096_13.jpg,TFKB01,FALSE,NA
FALSE,UNKNOWN,NA,NA,NA,high,"Image shows a dog, not a trading card",/mnt/d/dev/p/trading_card_games/kayou_transformers/TFH01/cards/ebay_227199112096_14.jpg,ebay_227199112096_14.jpg,TFH01,FALSE,NA
TRUE,TFKB01,HR,Crosshairs,012,high,Movie-style card showing Crosshairs with distinctive green Corvette alt-mode. Card number 012 visible at bottom. HR rarity code clearly visible. Movie aesthetic matches TFKB01 subset (Age of Extinction/The Last Knight era design). Chinese text present on card face.,/mnt/d/dev/p/trading_card_games/kayou_transformers/TFKB01/cards/ebay_227199112096_14.jpg,ebay_227199112096_14.jpg,TFKB01,FALSE,NA
FALSE,UNKNOWN,NA,Cyclops,NA,high,"This is an X-Men trading card showing Cyclops, not a Kayou Transformers card. Wrong franchise entirely.",/mnt/d/dev/p/trading_card_games/kayou_transformers/TFH01/cards/ebay_227199112096_15.jpg,ebay_227199112096_15.jpg,TFH01,FALSE,NA
TRUE,TFKB01,HR,Drift,010,high,Movie-style Drift character art with HR rarity marking visible on card. Card number 010 clearly shown. Matches TFKB01 Movie Subset characteristics with realistic CGI movie rendering style and HR rarity tier.,/mnt/d/dev/p/trading_card_games/kayou_transformers/TFKB01/cards/ebay_227199112096_15.jpg,ebay_227199112096_15.jpg,TFKB01,FALSE,NA
FALSE,UNKNOWN,NA,NA,NA,high,This is not a Kayou Transformers trading card - it appears to be a vintage autographed card of Rene Bellog from Indiana Jones,/mnt/d/dev/p/trading_card_games/kayou_transformers/TFH01/cards/ebay_227199112096_16.jpg,ebay_227199112096_16.jpg,TFH01,FALSE,NA
TRUE,TFKB01,HR,Drift,NA,high,"Movie-style Drift character art with blue and white color scheme, HR rarity code visible on left side, matches TFKB01 movie subset design",/mnt/d/dev/p/trading_card_games/kayou_transformers/TFKB01/cards/ebay_227199112096_16.jpg,ebay_227199112096_16.jpg,TFKB01,FALSE,NA
FALSE,UNKNOWN,NA,NA,NA,high,"Photo showing 4 different die-cut shaped cards displayed together - not a single card front. Characters visible include Optimus (Dartmus Fortue), Megatron, Devastator, and Ultra Magnus from TFH01 set.",/mnt/d/dev/p/trading_card_games/kayou_transformers/TFH01/cards/ebay_227199112096_17.jpg,ebay_227199112096_17.jpg,TFH01,FALSE,NA
TRUE,TFKB01,SR,Drift,NA,high,"Movie-style Drift character art, blue and white color scheme, SR rarity code visible in bottom right corner. Consistent with TFKB01 Movie Subset which features movie characters with AR/HR/SR rarities. Chinese text on card with movie-style rendering.",/mnt/d/dev/p/trading_card_games/kayou_transformers/TFKB01/cards/ebay_227199112096_17.jpg,ebay_227199112096_17.jpg,TFKB01,FALSE,NA
FALSE,UNKNOWN,NA,NA,NA,high,"This is a Pokemon card (Pikachu), not a Kayou Transformers trading card. Image shows a Chinese Pokemon TCG card with card number 040/SV-P.",/mnt/d/dev/p/trading_card_games/kayou_transformers/TFKB01/cards/ebay_227199112096_18.jpg,ebay_227199112096_18.jpg,TFKB01,FALSE,NA
FALSE,UNKNOWN,NA,NA,NA,high,"This is a Star Trek trading card, not a Kayou Transformers card. Shows characters from Star Trek: The Original Series.",/mnt/d/dev/p/trading_card_games/kayou_transformers/TFH01/cards/ebay_227199112096_19.jpg,ebay_227199112096_19.jpg,TFH01,FALSE,NA
TRUE,TFKB01,SR,Crosshairs,NA,high,Movie-style art of Crosshairs (green Autobot from Age of Extinction/The Last Knight). SR rarity code visible in bottom right corner. Art style and character consistent with TFKB01 movie subset. Card shows detailed CGI movie rendering typical of Bayverse designs.,/mnt/d/dev/p/trading_card_games/kayou_transformers/TFKB01/cards/ebay_227199112096_19.jpg,ebay_227199112096_19.jpg,TFKB01,FALSE,NA
FALSE,UNKNOWN,NA,NA,NA,high,"Multiple card backs displayed in a fan layout, showing Energon Universe branding. Not a single card front.",/mnt/d/dev/p/trading_card_games/kayou_transformers/TFH01/cards/ebay_227199112096_20.jpg,ebay_227199112096_20.jpg,TFH01,FALSE,NA
TRUE,TFKB01,HR,Galvatron,007,high,"Movie-style Galvatron TAG TEAM card with holographic rainbow pattern, HP 280, card number 007/040 visible at bottom. HR rarity based on holographic treatment and file path context.",/mnt/d/dev/p/trading_card_games/kayou_transformers/TFKB01/cards/ebay_227199112096_20.jpg,ebay_227199112096_20.jpg,TFKB01,FALSE,NA
FALSE,UNKNOWN,NA,NA,NA,high,This is not a Kayou Transformers trading card - it appears to be a Star Trek collectible card or photo featuring three characters with 'Unification' text at the top and 'The Next Generation' text at the bottom,/mnt/d/dev/p/trading_card_games/kayou_transformers/TFH01/cards/ebay_227199112096_21.jpg,ebay_227199112096_21.jpg,TFH01,FALSE,NA
TRUE,TFKB01,AR,Drift,007,high,Movie-style Drift card with AR rarity code visible on card face. Card number 007 clearly printed. Matches TFKB01 Movie Subset characteristics with movie character art and AR/HR/SR rarity system.,/mnt/d/dev/p/trading_card_games/kayou_transformers/TFKB01/cards/ebay_227199118163_01.jpg,ebay_227199118163_01.jpg,TFKB01,FALSE,NA
TRUE,TFKB01,HR,Drift,NA,high,Movie-style Drift card with HR rarity marking visible in top left corner. Distinctive movie aesthetic with blue/white color scheme. Card shows characteristic TFKB01 movie subset design with holographic/foil treatment typical of HR rarity.,/mnt/d/dev/p/trading_card_games/kayou_transformers/TFKB01/cards/ebay_227199118163_02.jpg,ebay_227199118163_02.jpg,TFKB01,FALSE,NA
TRUE,TFKB01,SR,Drift,UNKNOWN,high,"Movie-style artwork of Drift with Japanese-inspired design, blue and white color scheme with katana swords. Card shows SR rarity indicator. TFKB01 movie subset characteristics confirmed by art style and rarity system.",/mnt/d/dev/p/trading_card_games/kayou_transformers/TFKB01/cards/ebay_227199118163_03.jpg,ebay_227199118163_03.jpg,TFKB01,FALSE,NA
TRUE,TFKB01,HR,Wheelie,NA,high,"Movie-style art of Wheelie character, HR rarity code visible in bottom left corner, matches TFKB01 movie subset design with parallel foil pattern",/mnt/d/dev/p/trading_card_games/kayou_transformers/TFKB01/cards/ebay_227199118163_04.jpg,ebay_227199118163_04.jpg,TFKB01,FALSE,NA
TRUE,TFKB01,HR,Drift,NA,high,Movie-style Drift character art with HR rarity code visible in bottom right. Blue/teal color scheme with samurai aesthetic typical of AOE/TLK Drift. Card shows Chinese text and movie CGI rendering style consistent with TFKB01 subset.,/mnt/d/dev/p/trading_card_games/kayou_transformers/TFKB01/cards/ebay_227199118163_05.jpg,ebay_227199118163_05.jpg,TFKB01,FALSE,NA
TRUE,TFKB01,HR,Drift,006,high,Movie-style Drift card with HR rarity marking visible. Card number 006 clearly printed. Blue/white color scheme with movie character design. Matches TFKB01 movie subset characteristics.,/mnt/d/dev/p/trading_card_games/kayou_transformers/TFKB01/cards/ebay_227199118163_06.jpg,ebay_227199118163_06.jpg,TFKB01,FALSE,NA
TRUE,TFKB01,SR,Crosshairs,NA,high,Movie-style character art of Crosshairs with green color scheme. SR rarity code visible on card face. Matches TFKB01 movie subset characteristics with movie character design and SR rarity tier.,/mnt/d/dev/p/trading_card_games/kayou_transformers/TFKB01/cards/ebay_227199118163_07.jpg,ebay_227199118163_07.jpg,TFKB01,FALSE,NA
TRUE,TFKB01,SR,Drift,NA,high,Movie-style Drift card with SR rarity marking visible in corner. Live-action movie aesthetic consistent with TFKB01 subset. Chinese text present on card.,/mnt/d/dev/p/trading_card_games/kayou_transformers/TFKB01/cards/ebay_227199118163_08.jpg,ebay_227199118163_08.jpg,TFKB01,FALSE,NA
TRUE,TFKB01,HR,Wheelie,009,high,Movie-style Wheelie card with HR rarity clearly visible in bottom left. Card shows movie aesthetic with Chinese text. Number 009 visible in corner. Matches TFKB01 subset characteristics with movie character art and HR rarity tier.,/mnt/d/dev/p/trading_card_games/kayou_transformers/TFKB01/cards/ebay_227199118163_09.jpg,ebay_227199118163_09.jpg,TFKB01,FALSE,NA
FALSE,UNKNOWN,NA,NA,NA,high,"This is a Garbage Pail Kids card (Kim Kong), not a Kayou Transformers card",/mnt/d/dev/p/trading_card_games/kayou_transformers/TFKB01/cards/ebay_227199118163_10.jpg,ebay_227199118163_10.jpg,TFKB01,FALSE,NA
FALSE,UNKNOWN,NA,NA,NA,high,"This is a Garbage Pail Kids card, not a Kayou Transformers card. Wrong product entirely.",/mnt/d/dev/p/trading_card_games/kayou_transformers/TFKB01/cards/ebay_227199118163_11.jpg,ebay_227199118163_11.jpg,TFKB01,FALSE,NA
TRUE,TFKB01,AR,Crosshairs,NA,high,Movie-style Crosshairs card with AR rarity code visible in top right corner. Green trenchcoat design matches Age of Extinction/The Last Knight appearance. Card has Chinese text and movie aesthetic consistent with TFKB01 movie subset.,/mnt/d/dev/p/trading_card_games/kayou_transformers/TFKB01/cards/ebay_227199118163_12.jpg,ebay_227199118163_12.jpg,TFKB01,FALSE,NA
TRUE,TFKB01,HR,Drift,NA,high,Movie-style Drift card with holographic/rainbow foil effect. HR rarity code visible on card. Matches TFKB01 movie subset characteristics with cinematic character art style.,/mnt/d/dev/p/trading_card_games/kayou_transformers/TFKB01/cards/ebay_227199118163_13.jpg,ebay_227199118163_13.jpg,TFKB01,FALSE,NA
TRUE,TFKB01,AR,Wheelie,UNKNOWN,high,Movie-style art showing Wheelie character. Card displays 'AR' rarity code at bottom. Chinese text visible. Holographic/rainbow foil pattern typical of AR rarity. Matches TFKB01 movie subset aesthetic with bayverse character design.,/mnt/d/dev/p/trading_card_games/kayou_transformers/TFKB01/cards/ebay_227199118163_14.jpg,ebay_227199118163_14.jpg,TFKB01,FALSE,NA
TRUE,TFKB01,SR,Wheelie,NA,high,"Movie-style art of Wheelie (small green bot from TF4/TF5), Chinese text visible, SR rarity indicator on card, matches TFKB01 movie subset aesthetic",/mnt/d/dev/p/trading_card_games/kayou_transformers/TFKB01/cards/ebay_227199118163_15.jpg,ebay_227199118163_15.jpg,TFKB01,FALSE,NA
TRUE,TFKB01,SR,Drift,NA,high,Movie-style Drift card with SR rarity code visible in top right. Matches TFKB01 movie subset characteristics with modern CGI movie aesthetic and Chinese text. Card shows typical Kayou holographic pattern.,/mnt/d/dev/p/trading_card_games/kayou_transformers/TFKB01/cards/ebay_227199118163_16.jpg,ebay_227199118163_16.jpg,TFKB01,FALSE,NA
TRUE,TFKB01,SR,Drift,NA,high,Movie-style Drift card with SR rarity marking visible. Chinese text present. Matches TFKB01 movie subset characteristics with blue/teal color scheme and movie CGI art style.,/mnt/d/dev/p/trading_card_games/kayou_transformers/TFKB01/cards/ebay_227199118163_17.jpg,ebay_227199118163_17.jpg,TFKB01,FALSE,NA
FALSE,UNKNOWN,NA,NA,NA,high,"This is a Pokemon card (Pikachu), not a Kayou Transformers trading card",/mnt/d/dev/p/trading_card_games/kayou_transformers/TFKB01/cards/ebay_227199118163_18.jpg,ebay_227199118163_18.jpg,TFKB01,FALSE,NA
FALSE,UNKNOWN,NA,NA,NA,high,"This is a Pokemon card (Magikarp & Wailord GX TAG TEAM), not a Kayou Transformers card",/mnt/d/dev/p/trading_card_games/kayou_transformers/TFKB01/cards/ebay_227199118163_19.jpg,ebay_227199118163_19.jpg,TFKB01,FALSE,NA
FALSE,UNKNOWN,NA,NA,NA,high,"This is a Pokemon TCG card (Charizard ex), not a Kayou Transformers trading card",/mnt/d/dev/p/trading_card_games/kayou_transformers/TFKB01/cards/ebay_227199118163_20.jpg,ebay_227199118163_20.jpg,TFKB01,FALSE,NA
FALSE,UNKNOWN,NA,NA,NA,high,"This is a Target retail gift card showing a white puppy in a Christmas stocking, not a Kayou Transformers trading card",/mnt/d/dev/p/trading_card_games/kayou_transformers/TFH01/cards/ebay_227199121357_01.jpg,ebay_227199121357_01.jpg,TFH01,FALSE,NA
TRUE,TFH01,SR,Chromedome,004,high,TFH01 Headmasters set card with distinctive Headmasters anime art style. Card shows Chromedome in robot mode with Chinese text. Rarity code 'SR' visible in bottom right corner with '004' card number. Red/blue color scheme typical of Headmasters series.,/mnt/d/dev/p/trading_card_games/kayou_transformers/TFH01/cards/ebay_227199121357_02.jpg,ebay_227199121357_02.jpg,TFH01,FALSE,NA
TRUE,TFH01,SR,Fortress Maximus,008,high,TFH01 Headmasters set card with SR rarity. Card shows Fortress Maximus in city mode with Japanese Headmasters anime art style. Card number 008 visible in corner. Chinese text present. Clear SR rarity marking on card face.,/mnt/d/dev/p/trading_card_games/kayou_transformers/TFH01/cards/ebay_227199121357_03.jpg,ebay_227199121357_03.jpg,TFH01,FALSE,NA
TRUE,TFH01,SL,Scene Card,NA,high,"Horizontal landscape card showing battle scene with Fortress Maximus and Scorponok, distinctive SL (Scene Landscape) rarity unique to TFH01 Headmasters set, Chinese text visible",/mnt/d/dev/p/trading_card_games/kayou_transformers/TFH01/cards/ebay_227199121357_04.jpg,ebay_227199121357_04.jpg,TFH01,FALSE,NA
FALSE,UNKNOWN,NA,NA,NA,high,"This is a Toys R Us gift card with a cartoon giraffe mascot, not a Kayou Transformers trading card",/mnt/d/dev/p/trading_card_games/kayou_transformers/TFH01/cards/ebay_227199121357_05.jpg,ebay_227199121357_05.jpg,TFH01,FALSE,NA
TRUE,TFH01,SR,Chromedome,006,high,Headmasters anime style card with visible SR rarity code and card number 006 on bottom right. Character shows Chromedome in typical Headmasters art style with Chinese text.,/mnt/d/dev/p/trading_card_games/kayou_transformers/TFH01/cards/ebay_227199121357_06.jpg,ebay_227199121357_06.jpg,TFH01,FALSE,NA
TRUE,TFH01,SR,Chromedome,007,high,Headmasters series card showing Chromedome in robot mode. Card number 007 visible. SR rarity code visible on card. Typical TFH01 design with Headmasters anime art style and Chinese text.,/mnt/d/dev/p/trading_card_games/kayou_transformers/TFH01/cards/ebay_227199121357_07.jpg,ebay_227199121357_07.jpg,TFH01,FALSE,NA
TRUE,TFH01,SL,Headmasters Group Scene,NA,high,"Horizontal landscape scene card showing Headmasters characters in chibi/SD style with action scene composition. This matches the TFH01 SL (Scene Landscape) rarity type. No visible card number on front, but distinctive horizontal format and Headmasters anime aesthetic confirm TFH01 set.",/mnt/d/dev/p/trading_card_games/kayou_transformers/TFH01/cards/ebay_227199121357_08.jpg,ebay_227199121357_08.jpg,TFH01,FALSE,NA
FALSE,UNKNOWN,NA,NA,NA,high,This is not a Kayou Transformers card - it appears to be a Digimon trading card featuring the character Palmon,/mnt/d/dev/p/trading_card_games/kayou_transformers/TFH01/cards/ebay_227199121357_09.jpg,ebay_227199121357_09.jpg,TFH01,FALSE,NA
FALSE,UNKNOWN,NA,NA,NA,high,"This is a vintage Sears credit card, not a Kayou Transformers trading card. Image was likely misplaced or incorrectly included in the TFH01 directory.",/mnt/d/dev/p/trading_card_games/kayou_transformers/TFH01/cards/ebay_227199121357_10.jpg,ebay_227199121357_10.jpg,TFH01,FALSE,NA
TRUE,TFH01,SR,Chromedome,011,high,"Headmasters anime style art, SR rarity visible on card face, card number 011 clearly printed, character appears to be Chromedome in Headmasters style",/mnt/d/dev/p/trading_card_games/kayou_transformers/TFH01/cards/ebay_227199121357_11.jpg,ebay_227199121357_11.jpg,TFH01,FALSE,NA
FALSE,UNKNOWN,NA,NA,NA,high,"This is a Magic: The Gathering card (Arcane Signet artifact), not a Kayou Transformers trading card",/mnt/d/dev/p/trading_card_games/kayou_transformers/TFH01/cards/ebay_227199121357_12.jpg,ebay_227199121357_12.jpg,TFH01,FALSE,NA
TRUE,TFH01,SR,Spike Witwicky,NA,high,"Headmasters set card showing human character Spike Witwicky in military uniform, anime-style art typical of TFH01, holographic foil background, SR rarity marking visible in top left corner",/mnt/d/dev/p/trading_card_games/kayou_transformers/TFH01/cards/ebay_227199121357_13.jpg,ebay_227199121357_13.jpg,TFH01,FALSE,NA
TRUE,TFEU01,XR,Optimus Prime,003,high,TFEU01 XR-003 clearly printed at bottom. Modern Western comic art style with English text. Distinctive Energon Universe aesthetic with holographic/foil treatment.,/mnt/d/dev/p/trading_card_games/kayou_transformers/TFH01/cards/ebay_227199121357_14.jpg,ebay_227199121357_14.jpg,TFH01,TRUE,TFEU01
TRUE,TFH01,SL,Daniel Witwicky,NA,high,TFH01 SL (Scene Landscape) horizontal card featuring Daniel Witwicky in cartoon style. Card is in landscape orientation with minimalist art style showing the character in a cape with yellow boots. The 'SL' marking is visible in top-left corner.,/mnt/d/dev/p/trading_card_games/kayou_transformers/TFH01/cards/ebay_227199121357_15.jpg,ebay_227199121357_15.jpg,TFH01,FALSE,NA
FALSE,UNKNOWN,NA,NA,NA,high,Not a trading card - this is a photograph of an Apple laptop computer showing the back panel with Apple logo and SIM card tray,/mnt/d/dev/p/trading_card_games/kayou_transformers/TFH01/cards/ebay_227199121357_16.jpg,ebay_227199121357_16.jpg,TFH01,FALSE,NA
FALSE,UNKNOWN,NA,NA,NA,high,"Image shows a credit card (MasterCard/Isracard), not a trading card",/mnt/d/dev/p/trading_card_games/kayou_transformers/TFH01/cards/ebay_227199121357_17.jpg,ebay_227199121357_17.jpg,TFH01,FALSE,NA
FALSE,UNKNOWN,NA,NA,NA,high,"This is a Magic: The Gathering card (Linvala, Keeper of Silence), not a Kayou Transformers trading card",/mnt/d/dev/p/trading_card_games/kayou_transformers/TFH01/cards/ebay_227199121357_18.jpg,ebay_227199121357_18.jpg,TFH01,FALSE,NA
FALSE,UNKNOWN,NA,NA,NA,high,"This is a Magic: The Gathering card (Yuffie, Materia Hunter from Final Fantasy), not a Kayou Transformers trading card",/mnt/d/dev/p/trading_card_games/kayou_transformers/TFH01/cards/ebay_227199121357_19.jpg,ebay_227199121357_19.jpg,TFH01,FALSE,NA
FALSE,UNKNOWN,NA,NA,NA,high,This is not a Kayou Transformers trading card. It appears to be a mall/cinema membership or gift card from Emaar (Dubai) showing the National Aquarium attraction. The image shows both front and back of a promotional card.,/mnt/d/dev/p/trading_card_games/kayou_transformers/TFH01/cards/ebay_227199121357_20.jpg,ebay_227199121357_20.jpg,TFH01,FALSE,NA
FALSE,UNKNOWN,NA,NA,NA,high,"This is the back of a Kayou Transformers card showing the Autobot insignia and Energon Universe branding, not a card front",/mnt/d/dev/p/trading_card_games/kayou_transformers/TFH01/cards/ebay_227199121357_21.jpg,ebay_227199121357_21.jpg,TFH01,FALSE,NA
FALSE,UNKNOWN,NA,NA,NA,high,This is not a trading card - it appears to be a logo or badge design reading 'NEWB'S REVENGE' with decorative elements. Not related to Kayou Transformers cards.,/mnt/d/dev/p/trading_card_games/kayou_transformers/TFH01/cards/ebay_227199121357_22.jpg,ebay_227199121357_22.jpg,TFH01,FALSE,NA
TRUE,TFH01,SL,Scene Card,NA,high,"Horizontal landscape scene card showing Headmasters anime battle scene with multiple characters. This is one of the unique SL (Scene Landscape) rarity cards from the TFH01 Headmasters set. The card shows dramatic action scene with robots in combat, characteristic of the Headmasters anime style.",/mnt/d/dev/p/trading_card_games/kayou_transformers/TFH01/cards/ebay_227199121357_23.jpg,ebay_227199121357_23.jpg,TFH01,FALSE,NA
TRUE,TF40Y,TY,Starscream,003,high,"TY (Toy) exclusive rarity from TF40Y 40th Anniversary set. G1 cartoon art style with red background, Autobots logo text, Hasbro copyright 2024, card number visible as 003 at bottom right",/mnt/d/dev/p/trading_card_games/kayou_transformers/TF40Y/cards/ebay_306731744907_02.jpg,ebay_306731744907_02.jpg,TF40Y,FALSE,NA
TRUE,TF40Y,CR,Optimus Prime,002/003,high,TF40Y 40th Anniversary card with G1 cartoon style art. Card number visible as TF40Y-CR-002/003 in bottom right. Character name in both Chinese (擎天柱) and English (OPTIMUS PRIME) at top. CR rarity confirmed.,/mnt/d/dev/p/trading_card_games/kayou_transformers/TF40Y/cards/ebay_306731744907_11.jpg,ebay_306731744907_11.jpg,TF40Y,FALSE,NA
TRUE,TF40Y,UR,Optimus Primal,006,high,Beast Wars style Optimus Primal with gorilla mode artwork. Card shows 'UR' rarity marking clearly visible. Number '006' visible on card. TF40Y 40th Anniversary set confirmed by Beast Wars era character and UR rarity tier which exists in this set.,/mnt/d/dev/p/trading_card_games/kayou_transformers/TF40Y/cards/ebay_306731744907_16.jpg,ebay_306731744907_16.jpg,TF40Y,FALSE,NA
TRUE,TF40Y,SCR,Optimus Prime,NA,high,40th Anniversary set card with SCR (Secret Rare) rarity clearly visible in red foil stamp. G1 Optimus Prime art style with Chinese text. Card shows distinctive 40th anniversary design elements.,/mnt/d/dev/p/trading_card_games/kayou_transformers/TF40Y/cards/ebay_306731744907_17.jpg,ebay_306731744907_17.jpg,TF40Y,FALSE,NA
TRUE,TF40Y,SSR,Galvatron,SSR-013,high,40th Anniversary set card with SSR rarity code clearly visible in top left corner. Card number SSR-013 visible in bottom left. Features G1-style Galvatron artwork with Chinese text and characteristic 40th Anniversary design elements.,/mnt/d/dev/p/trading_card_games/kayou_transformers/TF40Y/cards/ebay_306731744915_02.jpg,ebay_306731744915_02.jpg,TF40Y,FALSE,NA
FALSE,UNKNOWN,NA,NA,NA,high,"This is a Star Trek: The Next Generation trading card, not a Kayou Transformers card. The image shows 'The Case Of The Errant Holodeck' with human characters. This is completely unrelated to the Transformers trading card game.",/mnt/d/dev/p/trading_card_games/kayou_transformers/TF40Y/cards/ebay_306731744915_03.jpg,ebay_306731744915_03.jpg,TF40Y,FALSE,NA
FALSE,UNKNOWN,NA,NA,NA,high,"This is a photograph of a Transformers comic book cover (appears to be IDW G1 style), not a trading card. The image shows the book standing at an angle with visible background, not a clean scan of a card front.",/mnt/d/dev/p/trading_card_games/kayou_transformers/TF40Y/cards/ebay_306731744915_04.jpg,ebay_306731744915_04.jpg,TF40Y,FALSE,NA
TRUE,TF40Y,HR,Starscream,013,high,"G1 cartoon art style with Chinese text, rarity code HR visible in corner, card number 013 printed on card, 40th Anniversary set distinctive design with gold border elements",/mnt/d/dev/p/trading_card_games/kayou_transformers/TF40Y/cards/ebay_306731744915_05.jpg,ebay_306731744915_05.jpg,TF40Y,FALSE,NA
FALSE,UNKNOWN,NA,NA,NA,high,"This is a 1972 Hummel calendar with figurines, not a Kayou Transformers trading card",/mnt/d/dev/p/trading_card_games/kayou_transformers/TF40Y/cards/ebay_306731744915_07.jpg,ebay_306731744915_07.jpg,TF40Y,FALSE,NA
TRUE,TF40Y,LR,Autobots,024,high,40th Anniversary card featuring large Autobot insignia. Yellow 'AUTOBOTS' text on left side. Header shows '40 YEARS MORE THAN MEETS THE EYE'. LR rarity visible in bottom left corner with card number LR-003-024. 2024 Hasbro copyright. Distinctive TF40Y design aesthetic with mixed G1 styling.,/mnt/d/dev/p/trading_card_games/kayou_transformers/TF40Y/cards/ebay_306731744915_08.jpg,ebay_306731744915_08.jpg,TF40Y,FALSE,NA
FALSE,UNKNOWN,NA,NA,NA,high,"This is a CGC graded slab containing a Transformers comic book (Skybound issue #1), not a Kayou trading card. The item is a SuperManila Comicon exclusive variant limited to 1000 copies, graded 9.8.",/mnt/d/dev/p/trading_card_games/kayou_transformers/TF40Y/cards/ebay_306731744915_09.jpg,ebay_306731744915_09.jpg,TF40Y,FALSE,NA
TRUE,TF40Y,UR,Optimus Prime,007,high,40th Anniversary set. G1 Optimus Prime art with classic red/blue color scheme. Card shows UR rarity marking and card number 007 visible on card face. Gold holographic finish typical of UR cards in this set.,/mnt/d/dev/p/trading_card_games/kayou_transformers/TF40Y/cards/ebay_306731744915_11.jpg,ebay_306731744915_11.jpg,TF40Y,FALSE,NA
FALSE,UNKNOWN,NA,NA,NA,high,"This is a packaged figure/toy product (Bishoujo Statue Megatron by Kotobukiya), not a trading card",/mnt/d/dev/p/trading_card_games/kayou_transformers/TF40Y/cards/ebay_306731744915_12.jpg,ebay_306731744915_12.jpg,TF40Y,FALSE,NA
FALSE,UNKNOWN,NA,NA,NA,high,"This is a CGC graded card slab (Transformers '84 #1), not a raw Kayou trading card image. Cannot classify as Kayou card.",/mnt/d/dev/p/trading_card_games/kayou_transformers/TF40Y/cards/ebay_306731744915_13.jpg,ebay_306731744915_13.jpg,TF40Y,FALSE,NA
FALSE,UNKNOWN,NA,NA,NA,high,"This is a signed Andy Griffith Show trading card, not a Kayou Transformers card. Wrong product entirely.",/mnt/d/dev/p/trading_card_games/kayou_transformers/TF40Y/cards/ebay_306731744915_14.jpg,ebay_306731744915_14.jpg,TF40Y,FALSE,NA
TRUE,TF40Y,SSR,Optimus Primal,SSR-006,high,40th Anniversary set card with Beast Wars Optimus Primal (gorilla form). SSR rarity clearly visible on card face. Card number SSR-006 visible in bottom left corner. Distinctive TF40Y design with mixed G1/Beast Wars art style and purple/blue gradient background.,/mnt/d/dev/p/trading_card_games/kayou_transformers/TF40Y/cards/ebay_306731744915_17.jpg,ebay_306731744915_17.jpg,TF40Y,FALSE,NA
TRUE,TF40Y,XR,Optimus Prime,002,high,"TF40Y XR card with holographic effect, G1 Optimus Prime art, card number 002 visible in top right corner, XR rarity marked on card",/mnt/d/dev/p/trading_card_games/kayou_transformers/TF40Y/cards/forum_tfw2005_1256892_001.png,forum_tfw2005_1256892_001.png,TF40Y,FALSE,NA
FALSE,UNKNOWN,NA,NA,NA,high,"Image shows only a product logo/banner with Chinese text, not an actual trading card. This appears to be a header or branding element from a TFW2005 forum post.",/mnt/d/dev/p/trading_card_games/kayou_transformers/TFO01/cards/forum_tfw2005_1258741_001.png,forum_tfw2005_1258741_001.png,TFO01,FALSE,NA
FALSE,UNKNOWN,NA,NA,NA,high,"This is a forum banner/header image with 'stylin' text and a partial Bumblebee image, not a trading card",/mnt/d/dev/p/trading_card_games/kayou_transformers/TFO01/cards/forum_tfw2005_1258741_002.png,forum_tfw2005_1258741_002.png,TFO01,FALSE,NA
FALSE,UNKNOWN,NA,NA,NA,high,"Entertainment Earth watermark logo, not a card image",/mnt/d/dev/p/trading_card_games/kayou_transformers/TFO01/cards/forum_tfw2005_1258741_003.jpg,forum_tfw2005_1258741_003.jpg,TFO01,FALSE,NA
TRUE,TFEU01,SR,Jetfire,NA,high,Modern Western comic art style with English text 'JETFIRE' clearly visible. Card shows Energon Universe aesthetic with comic-panel design. SR rarity code visible on card face. Distinctive TFEU01 styling with bold colors and IDW/Skybound comic art influence.,/mnt/d/dev/p/trading_card_games/kayou_transformers/TFEU01/cards/reddit_13k7s29_01.jpg,reddit_13k7s29_01.jpg,TFEU01,FALSE,NA
FALSE,UNKNOWN,NA,NA,NA,high,"This is not a single card but a collage poster showing many different scenes from Transformers media with 'TRANSFORMERS PRIME' and 'only on hub' branding. This appears to be promotional artwork or a poster, not a trading card.",/mnt/d/dev/p/trading_card_games/kayou_transformers/TFEU01/cards/reddit_13k7s29_02.jpg,reddit_13k7s29_02.jpg,TFEU01,FALSE,NA
FALSE,UNKNOWN,NA,NA,NA,high,"This is not a trading card. It appears to be a promotional image for the 'Back to Baysics' fan campaign related to Transformers Studio Series, not a Kayou trading card.",/mnt/d/dev/p/trading_card_games/kayou_transformers/TF03/cards/reddit_17dbwpz_01.jpg,reddit_17dbwpz_01.jpg,TF03,FALSE,NA
FALSE,UNKNOWN,NA,NA,NA,high,"This is a bar chart showing Bayverse figure statistics, not a trading card",/mnt/d/dev/p/trading_card_games/kayou_transformers/TF03/cards/reddit_17dbwpz_02.jpg,reddit_17dbwpz_02.jpg,TF03,FALSE,NA
FALSE,UNKNOWN,NA,NA,NA,high,This is not a single card image - it's a reference page showing character checklists across multiple Transformers movie series (numbered page 1 of 3). Contains text listing various characters from different film continuities.,/mnt/d/dev/p/trading_card_games/kayou_transformers/TF03/cards/reddit_17dbwpz_03.jpg,reddit_17dbwpz_03.jpg,TF03,FALSE,NA
TRUE,TF03,SSR,Predaking,006,high,G1 cartoon art style showing Predaking combiner team. SSR rarity clearly visible. Card number 006 visible on card. Chinese text present. Matches TF03 set characteristics with combiner team artwork.,/mnt/d/dev/p/trading_card_games/kayou_transformers/TF03/cards/reddit_17dbwpz_04.jpg,reddit_17dbwpz_04.jpg,TF03,FALSE,NA
FALSE,UNKNOWN,NA,NA,NA,high,"This is not a trading card. It's a promotional/informational graphic (page 3 of 3) showing a character roster list for 'Transformers: The Last Knight' movie. This appears to be from a Studio Series promotional material listing which characters are featured, not a Kayou trading card product.",/mnt/d/dev/p/trading_card_games/kayou_transformers/TF03/cards/reddit_17dbwpz_05.jpg,reddit_17dbwpz_05.jpg,TF03,FALSE,NA
FALSE,UNKNOWN,NA,NA,NA,high,"This is a comic book cover (Image Comics Transformers #03), not a Kayou trading card. Shows Western comic art style with creators Daniel Warren Johnson and Mike Spicer credited.",/mnt/d/dev/p/trading_card_games/kayou_transformers/TF03/cards/reddit_182h26x_01.jpg,reddit_182h26x_01.jpg,TF03,FALSE,NA
FALSE,UNKNOWN,NA,NA,NA,high,"Image shows comic book panels with human characters in military/civilian scenes with explosions, not a Kayou Transformers trading card",/mnt/d/dev/p/trading_card_games/kayou_transformers/TF03/cards/reddit_182h26x_02.jpg,reddit_182h26x_02.jpg,TF03,FALSE,NA
FALSE,UNKNOWN,NA,NA,NA,high,"Image shows comic book panels with humans and action scenes, not a trading card. This appears to be a page from a comic book, not a Kayou Transformers card.",/mnt/d/dev/p/trading_card_games/kayou_transformers/TF03/cards/reddit_182h26x_03.jpg,reddit_182h26x_03.jpg,TF03,FALSE,NA
FALSE,UNKNOWN,NA,NA,NA,high,"This appears to be a comic book page or panel artwork, not a trading card. It shows Western comic art style with comic panel layouts but lacks trading card elements like borders, rarity codes, card numbers, or typical card framing. This is source artwork rather than a finished card product.",/mnt/d/dev/p/trading_card_games/kayou_transformers/TF03/cards/reddit_182h26x_04.jpg,reddit_182h26x_04.jpg,TF03,FALSE,NA
TRUE,TFH01,SL,Optimus Prime,NA,high,Horizontal landscape card showing G1 Optimus Prime in truck mode with trailer against desert background. Distinctive SL (Scene Landscape) rarity format unique to TFH01 Headmasters set. Card has Chinese text and Headmasters-era styling.,/mnt/d/dev/p/trading_card_games/kayou_transformers/TFH01/cards/reddit_187wz7q_01.jpg,reddit_187wz7q_01.jpg,TFH01,FALSE,NA
FALSE,TFH01,NA,NA,NA,high,"This is box/product packaging for TFH01 Headmasters set showing 'THE JAPANESE COLLECTION TRANSFORMERS HEADMASTERS' title, not a single card front",/mnt/d/dev/p/trading_card_games/kayou_transformers/TFH01/cards/reddit_187wz7q_02.jpg,reddit_187wz7q_02.jpg,TFH01,FALSE,NA
FALSE,UNKNOWN,NA,NA,NA,high,"This is a comic book page from Western Transformers comics (likely IDW or Skybound), not a trading card. Shows sequential comic panels with action scenes and dialogue bubbles. No card frame, rarity code, or card number visible.",/mnt/d/dev/p/trading_card_games/kayou_transformers/TF03/cards/reddit_18e42vt_01.jpg,reddit_18e42vt_01.jpg,TF03,FALSE,NA
TRUE,TFEU01,NA,Optimus Prime,NA,high,"Modern Western comic art style (IDW/Skybound), English speech bubbles visible, comic-panel layout with pink/blue color palette typical of TFEU01 Energon Universe series. Shows Optimus Prime in red/blue G1 colors in combat scene with humans and deer panels. No visible rarity code or card number in this image angle.",/mnt/d/dev/p/trading_card_games/kayou_transformers/TF03/cards/reddit_18e42vt_02.jpg,reddit_18e42vt_02.jpg,TF03,TRUE,TFEU01
TRUE,TFEU01,SSR,Optimus Prime,NA,high,"Modern Western comic art style with English text, comic panel layout, distinctive Energon Universe aesthetic. Shows Optimus Prime in action sequences with bold IDW/Skybound comic styling. SSR rarity visible in bottom left corner.",/mnt/d/dev/p/trading_card_games/kayou_transformers/TF03/cards/reddit_18fk0us_01.jpg,reddit_18fk0us_01.jpg,TF03,TRUE,TFEU01
TRUE,TFEU01,NA,Cliffjumper,NA,high,"Modern Western comic art style with English text and comic panel layout, distinctive TFEU01 Energon Universe aesthetic. Red character appears to be Cliffjumper based on design. No visible rarity code or card number in this view.",/mnt/d/dev/p/trading_card_games/kayou_transformers/TF03/cards/reddit_18fk0us_02.jpg,reddit_18fk0us_02.jpg,TF03,TRUE,TFEU01
FALSE,UNKNOWN,NA,NA,NA,high,This is a watermarked comic book page/panel from ReadComicOnline.to showing Optimus Prime in Western comic art style. Not a trading card - it's a full comic page with visible watermark and URL footer.,/mnt/d/dev/p/trading_card_games/kayou_transformers/TF03/cards/reddit_18fk0us_03.jpg,reddit_18fk0us_03.jpg,TF03,FALSE,NA
TRUE,TFEU01,NA,NA,NA,high,"Modern Western comic book art style with comic panel layout, bold colors, sound effect text (ZWAP), English style formatting. Distinctive TFEU01 Energon Universe aesthetic with IDW/Skybound comic art. No visible rarity code or card number in this image, appears to be showing the main artwork panel without border details.",/mnt/d/dev/p/trading_card_games/kayou_transformers/TF03/cards/reddit_18fk0us_04.jpg,reddit_18fk0us_04.jpg,TF03,TRUE,TFEU01
FALSE,UNKNOWN,NA,NA,NA,high,Not a trading card - this is a selfie photo showing a person with Transformers toy collection in background,/mnt/d/dev/p/trading_card_games/kayou_transformers/TF03/cards/reddit_1afn6yw_01.jpg,reddit_1afn6yw_01.jpg,TF03,FALSE,NA
FALSE,UNKNOWN,NA,NA,NA,high,"Image shows a display shelf with Transformers action figures/toys, not a trading card",/mnt/d/dev/p/trading_card_games/kayou_transformers/TF03/cards/reddit_1afn6yw_02.jpg,reddit_1afn6yw_02.jpg,TF03,FALSE,NA
FALSE,UNKNOWN,NA,NA,NA,high,Not a trading card image - this is a photo of a person standing in front of a display shelf containing Transformers action figures/toys,/mnt/d/dev/p/trading_card_games/kayou_transformers/TF03/cards/reddit_1afn6yw_03.jpg,reddit_1afn6yw_03.jpg,TF03,FALSE,NA
FALSE,UNKNOWN,NA,NA,NA,high,"This is a photo of Transformers action figures displayed on a shelf, not a trading card",/mnt/d/dev/p/trading_card_games/kayou_transformers/TF03/cards/reddit_1afn6yw_04.jpg,reddit_1afn6yw_04.jpg,TF03,FALSE,NA
FALSE,UNKNOWN,NA,NA,NA,high,"This is a photograph of Transformers action figures/toys displayed on a shelf, not a trading card image",/mnt/d/dev/p/trading_card_games/kayou_transformers/TF03/cards/reddit_1afn6yw_05.jpg,reddit_1afn6yw_05.jpg,TF03,FALSE,NA
FALSE,UNKNOWN,NA,NA,NA,high,"Image shows a collection shelf display of Transformers action figures/toys, not a trading card",/mnt/d/dev/p/trading_card_games/kayou_transformers/TF03/cards/reddit_1afn6yw_06.jpg,reddit_1afn6yw_06.jpg,TF03,FALSE,NA
FALSE,UNKNOWN,NA,NA,NA,high,"Photo of Transformers toy collection on shelves, not a trading card",/mnt/d/dev/p/trading_card_games/kayou_transformers/TF03/cards/reddit_1afn6yw_07.jpg,reddit_1afn6yw_07.jpg,TF03,FALSE,NA
FALSE,UNKNOWN,NA,NA,NA,high,"Image shows a shelf display of Transformers action figures/toys, not a trading card",/mnt/d/dev/p/trading_card_games/kayou_transformers/TF03/cards/reddit_1afn6yw_08.jpg,reddit_1afn6yw_08.jpg,TF03,FALSE,NA
FALSE,UNKNOWN,NA,NA,NA,high,"Image shows a collection display of physical Transformers action figures/toys on a shelf, not a trading card",/mnt/d/dev/p/trading_card_games/kayou_transformers/TF03/cards/reddit_1afn6yw_09.jpg,reddit_1afn6yw_09.jpg,TF03,FALSE,NA
FALSE,UNKNOWN,NA,NA,NA,high,"Image shows a display shelf with Transformers action figures/toys, not a trading card",/mnt/d/dev/p/trading_card_games/kayou_transformers/TF03/cards/reddit_1afn6yw_10.jpg,reddit_1afn6yw_10.jpg,TF03,FALSE,NA
FALSE,UNKNOWN,NA,NA,NA,high,"Photo of Transformers toy figures on a shelf, not a trading card",/mnt/d/dev/p/trading_card_games/kayou_transformers/TF03/cards/reddit_1afn6yw_11.jpg,reddit_1afn6yw_11.jpg,TF03,FALSE,NA
FALSE,UNKNOWN,NA,NA,NA,high,"Photo shows Transformers action figure toys displayed on a shelf, not trading cards",/mnt/d/dev/p/trading_card_games/kayou_transformers/TF03/cards/reddit_1afn6yw_12.jpg,reddit_1afn6yw_12.jpg,TF03,FALSE,NA
FALSE,UNKNOWN,NA,NA,NA,high,"This is a photograph of a shelf display showing Transformers action figures/toys, not a trading card",/mnt/d/dev/p/trading_card_games/kayou_transformers/TF03/cards/reddit_1afn6yw_13.jpg,reddit_1afn6yw_13.jpg,TF03,FALSE,NA
FALSE,UNKNOWN,NA,NA,NA,high,"Not a card image - photo shows desk setup with DVDs, figures, personal items, and display screen",/mnt/d/dev/p/trading_card_games/kayou_transformers/TF03/cards/reddit_1afn6yw_14.jpg,reddit_1afn6yw_14.jpg,TF03,FALSE,NA
FALSE,UNKNOWN,NA,NA,NA,high,"Image shows a collection display with stacked DVD/Blu-ray cases and books, not a single trading card",/mnt/d/dev/p/trading_card_games/kayou_transformers/TF03/cards/reddit_1afn6yw_15.jpg,reddit_1afn6yw_15.jpg,TF03,FALSE,NA
FALSE,UNKNOWN,NA,NA,NA,high,"Photo shows Transformers toys/figures on display shelf, not a trading card",/mnt/d/dev/p/trading_card_games/kayou_transformers/TF03/cards/reddit_1afn6yw_16.jpg,reddit_1afn6yw_16.jpg,TF03,FALSE,NA
FALSE,UNKNOWN,NA,NA,NA,high,"This is a photo of a collection shelf displaying numerous Transformers action figures/toys, not a trading card",/mnt/d/dev/p/trading_card_games/kayou_transformers/TF03/cards/reddit_1afn6yw_17.jpg,reddit_1afn6yw_17.jpg,TF03,FALSE,NA
FALSE,UNKNOWN,NA,NA,NA,high,Not a trading card - this is a photo of a Transformers toy collection displayed on a shelf with blue LED lighting underneath,/mnt/d/dev/p/trading_card_games/kayou_transformers/TF03/cards/reddit_1afn6yw_18.jpg,reddit_1afn6yw_18.jpg,TF03,FALSE,NA
FALSE,UNKNOWN,NA,NA,NA,high,"This is a photo of a Transformers toy collection on shelves, not a trading card image",/mnt/d/dev/p/trading_card_games/kayou_transformers/TF03/cards/reddit_1afn6yw_19.jpg,reddit_1afn6yw_19.jpg,TF03,FALSE,NA
FALSE,UNKNOWN,NA,NA,NA,high,"This is a selfie photo with Transformers action figures in the background, not a trading card image",/mnt/d/dev/p/trading_card_games/kayou_transformers/TF03/cards/reddit_1afn6yw_20.jpg,reddit_1afn6yw_20.jpg,TF03,FALSE,NA
TRUE,TF40Y,SSR,Optimus Prime,012,high,40th Anniversary set card with SSR rarity code clearly visible in bottom left corner. Card number 012 visible. G1 Optimus Prime artwork with classic red and blue color scheme. Chinese text present consistent with TF40Y set design.,/mnt/d/dev/p/trading_card_games/kayou_transformers/TF40Y/cards/reddit_1ah9cfl_01.jpeg,reddit_1ah9cfl_01.jpeg,TF40Y,FALSE,NA
TRUE,TF40Y,SCR,Optimus Prime,NA,high,40th Anniversary set card with SCR (Special Card Rare) marking visible. Shows Optimus Prime in G1 style with Chinese text. Card has distinctive TF40Y design aesthetic with anniversary styling.,/mnt/d/dev/p/trading_card_games/kayou_transformers/TF40Y/cards/reddit_1ah9cfl_02.jpeg,reddit_1ah9cfl_02.jpeg,TF40Y,FALSE,NA
TRUE,TF40Y,UNKNOWN,Grimlock,UNKNOWN,high,TF40Y 40th Anniversary set card with G1 comic book art style (More Than Meets the Eye #8 Dinobots cover). Card shows comic cover featuring Grimlock and Dinobots. Has 40th Anniversary logo. English text. No visible rarity code or card number in this view of the card.,/mnt/d/dev/p/trading_card_games/kayou_transformers/TF40Y/cards/reddit_1akenpq_01.jpg,reddit_1akenpq_01.jpg,TF40Y,FALSE,NA
FALSE,UNKNOWN,NA,Grimlock,NA,high,"This is a Transformers 40th Anniversary toy/figure packaging with Grimlock, not a trading card image. Shows boxed action figure with comic art on the inner sleeve.",/mnt/d/dev/p/trading_card_games/kayou_transformers/TF40Y/cards/reddit_1akenpq_02.jpg,reddit_1akenpq_02.jpg,TF40Y,FALSE,NA
TRUE,TF40Y,NA,Shockwave,NA,high,TF40Y 40th Anniversary set card with comic book cover art style. Features Shockwave with 'ARE ALL DEAD' text overlay in G1 comic aesthetic. Card shows 40 YEARS TRANSFORMERS logo and GENERATIONS branding. No visible rarity code or card number in this image.,/mnt/d/dev/p/trading_card_games/kayou_transformers/TF40Y/cards/reddit_1akenpq_03.jpg,reddit_1akenpq_03.jpg,TF40Y,FALSE,NA
FALSE,UNKNOWN,NA,NA,NA,high,"This is a photo of a Transformers action figure product box (Shockwave) with packaging art, not a trading card",/mnt/d/dev/p/trading_card_games/kayou_transformers/TF40Y/cards/reddit_1akenpq_04.jpg,reddit_1akenpq_04.jpg,TF40Y,FALSE,NA
FALSE,UNKNOWN,NA,NA,NA,high,"Image shows a physical Transformers toy/figure (appears to be Optimus Prime head with yellow vehicle base), not a trading card",/mnt/d/dev/p/trading_card_games/kayou_transformers/TF40Y/cards/reddit_1akenpq_05.jpg,reddit_1akenpq_05.jpg,TF40Y,FALSE,NA
TRUE,TFEU01,SR,Starscream,NA,high,Modern Western comic art style with English text 'STARSCREAM'. Energon Universe set distinctive comic aesthetic. SR rarity code visible in bottom right corner. Red and white Starscream character art matches TFEU01 style.,/mnt/d/dev/p/trading_card_games/kayou_transformers/TFEU01/cards/reddit_1b29tbd_01.jpeg,reddit_1b29tbd_01.jpeg,TFEU01,FALSE,NA
TRUE,TFEU01,SSR,Arcee,SSR-014,high,"TFEU01 Energon Universe set, modern Western comic art style with English text. Card shows Arcee in pink/white color scheme with IDW/Skybound comic aesthetic. SSR rarity code and card number SSR-014 visible on card face. Distinctive TFEU01 design with comic panel layout.",/mnt/d/dev/p/trading_card_games/kayou_transformers/TFEU01/cards/reddit_1b29tbd_02.jpeg,reddit_1b29tbd_02.jpeg,TFEU01,FALSE,NA
FALSE,UNKNOWN,NA,NA,NA,high,"This is a photo of Transformers action figures displayed in front of a 40th Anniversary promotional backdrop/banner, not a trading card.",/mnt/d/dev/p/trading_card_games/kayou_transformers/TF40Y/cards/reddit_1bben51_01.jpeg,reddit_1bben51_01.jpeg,TF40Y,FALSE,NA
FALSE,UNKNOWN,NA,NA,NA,high,"Display photo showing Transformers action figures arranged in front of a 40th Anniversary banner, not a trading card",/mnt/d/dev/p/trading_card_games/kayou_transformers/TF40Y/cards/reddit_1bben51_02.jpeg,reddit_1bben51_02.jpeg,TF40Y,FALSE,NA
FALSE,UNKNOWN,NA,NA,NA,high,"Image shows a Transformers toy/figure (appears to be a jet/aircraft in alt-mode), not a trading card",/mnt/d/dev/p/trading_card_games/kayou_transformers/TF40Y/cards/reddit_1byemdw_01.jpeg,reddit_1byemdw_01.jpeg,TF40Y,FALSE,NA
TRUE,TF40Y,HR,Scorponok,HR-009,high,G1 Scorponok card with clear HR rarity marking and HR-009 card number visible on card face. 40th Anniversary set characteristic design with G1 art style.,/mnt/d/dev/p/trading_card_games/kayou_transformers/TF40Y/cards/reddit_1byemdw_02.jpeg,reddit_1byemdw_02.jpeg,TF40Y,FALSE,NA
FALSE,UNKNOWN,NA,NA,NA,high,Not a trading card - this is a photo of two people (possibly voice actors or crew from Transformers One movie) sitting in chairs during what appears to be an interview or promotional event,/mnt/d/dev/p/trading_card_games/kayou_transformers/TFO01/cards/reddit_1c74231_01.png,reddit_1c74231_01.png,TFO01,FALSE,NA
TRUE,TFEU01,XR,Megatron,NA,high,"TFEU01 Energon Universe set confirmed by modern Western comic art style with bold red/purple colors, English text, and comic panel aesthetic. Card shows Megatron with distinctive XR rarity marker visible on card face. High-grade holographic/foil treatment typical of XR cards in this set.",/mnt/d/dev/p/trading_card_games/kayou_transformers/TFEU01/cards/reddit_1ckg9w9_01.jpg,reddit_1ckg9w9_01.jpg,TFEU01,FALSE,NA
TRUE,TFEU01,UR,Cliffjumper,034,high,TFEU01 Energon Universe set. Clear UR rarity marking visible. Card number 034 printed on card. Modern Western comic art style with English text 'CLIFFJUMPER'. Red Autobot character in action pose with explosive background. Distinctive Energon Universe design aesthetic with comic panel style layout.,/mnt/d/dev/p/trading_card_games/kayou_transformers/TFEU01/cards/reddit_1ckg9w9_02.jpg,reddit_1ckg9w9_02.jpg,TFEU01,FALSE,NA
TRUE,TFEU01,SR,Optimus Prime,009,high,Modern Energon Universe comic art style with English text. Card shows Optimus Prime in red/blue with IDW/Skybound aesthetic. SR rarity code visible on card face. Clear card number 009.,/mnt/d/dev/p/trading_card_games/kayou_transformers/TFEU01/cards/reddit_1ckg9w9_03.jpg,reddit_1ckg9w9_03.jpg,TFEU01,FALSE,NA
FALSE,UNKNOWN,NA,NA,NA,high,This is not a Kayou trading card - it appears to be a vintage Marvel Comics Transformers comic book cover (#1 from 1984). Not a card image.,/mnt/d/dev/p/trading_card_games/kayou_transformers/TF40Y/cards/reddit_1cmxnlk_01.jpeg,reddit_1cmxnlk_01.jpeg,TF40Y,FALSE,NA
FALSE,UNKNOWN,NA,NA,NA,high,"This is a vintage Transformers comic book cover (Marvel Comics #1), not a Kayou trading card. Shows comic book pricing and issue numbering typical of 1980s Marvel publications.",/mnt/d/dev/p/trading_card_games/kayou_transformers/TF40Y/cards/reddit_1cmxnlk_02.jpeg,reddit_1cmxnlk_02.jpeg,TF40Y,FALSE,NA
TRUE,TF40Y,NA,Optimus Prime,E02,high,"TF40Y 40th Anniversary card with G1 cartoon art style, showing scene from 'More Than Meets the Eye, Part 2' episode (TRANSFORMERS: G1 | S01 | E02). Card number E02 visible in bottom right. Features 40 YEARS TRANSFORMERS logo. No visible rarity code on card front.",/mnt/d/dev/p/trading_card_games/kayou_transformers/TF40Y/cards/reddit_1ctk071_01.jpeg,reddit_1ctk071_01.jpeg,TF40Y,FALSE,NA
TRUE,TF40Y,UNKNOWN,Galvatron,UNKNOWN,high,"TF40Y 40th Anniversary set card showing Galvatron and Cyclonus in G1 cartoon style. Card displays '40 YEARS TRANSFORMERS' logo, episode reference 'More Than Meets the Eye, Part 2' and 'TRANSFORMERS: G1 | S01 | E02'. Distinctive TF40Y frame design with purple/orange borders. Character art matches G1 animation style typical of 40th Anniversary set.",/mnt/d/dev/p/trading_card_games/kayou_transformers/TF40Y/cards/reddit_1ctk071_02.jpeg,reddit_1ctk071_02.jpeg,TF40Y,FALSE,NA
FALSE,UNKNOWN,NA,NA,NA,high,"Not a card - this is a promotional movie poster for Transformers 40th Anniversary theatrical event (May 15,18,19), featuring the 1984 animated series. Shows Optimus Prime and other G1 characters in animated style with cinema release information.",/mnt/d/dev/p/trading_card_games/kayou_transformers/TF40Y/cards/reddit_1cvggd7_01.jpeg,reddit_1cvggd7_01.jpeg,TF40Y,FALSE,NA
FALSE,UNKNOWN,NA,NA,NA,high,"This is a movie poster for Transformers 40th Anniversary theatrical event, not a trading card. Shows promotional artwork for cinema screenings on May 15, 18 & 19.",/mnt/d/dev/p/trading_card_games/kayou_transformers/TF40Y/cards/reddit_1cvggd7_02.jpeg,reddit_1cvggd7_02.jpeg,TF40Y,FALSE,NA
FALSE,UNKNOWN,NA,NA,NA,high,"This is the 40th Anniversary Transformers logo/branding image, not an individual trading card. Shows '40 YEARS TRANSFORMERS' logo with 'MORE THAN MEETS THE EYE' text pattern in background. This appears to be promotional material or packaging art for the TF40Y set.",/mnt/d/dev/p/trading_card_games/kayou_transformers/TF40Y/cards/reddit_1d9yutw_01.jpg,reddit_1d9yutw_01.jpg,TF40Y,FALSE,NA
FALSE,UNKNOWN,NA,NA,NA,high,This is a promotional banner/logo image showing the 40th Anniversary Transformers branding with text 'イベント限定商品' (Event Limited Product) in Japanese. Not an individual card image.,/mnt/d/dev/p/trading_card_games/kayou_transformers/TF40Y/cards/reddit_1d9yutw_02.jpg,reddit_1d9yutw_02.jpg,TF40Y,FALSE,NA
FALSE,UNKNOWN,NA,NA,NA,high,"This is a Transformers toy product photo showing a Hasbro Legacy United figure with packaging, not a Kayou trading card",/mnt/d/dev/p/trading_card_games/kayou_transformers/TFEU01/cards/reddit_1den83u_01.jpg,reddit_1den83u_01.jpg,TFEU01,FALSE,NA
FALSE,UNKNOWN,NA,NA,NA,high,"This is a Transformers Legacy United toy package (blister pack), not a Kayou trading card. Shows packaging for what appears to be a Transformers action figure toy line, not a card product.",/mnt/d/dev/p/trading_card_games/kayou_transformers/TFEU01/cards/reddit_1den83u_02.jpg,reddit_1den83u_02.jpg,TFEU01,FALSE,NA
TRUE,TFEU01,SR,Optimus Prime,032,high,"TFEU01 Energon Universe set, modern Western comic art style with English text. Card shows Optimus Prime in heroic pose with distinctive comic-panel aesthetic. SR (Montage) rarity visible on card face. Card number 032 clearly printed.",/mnt/d/dev/p/trading_card_games/kayou_transformers/TFEU01/cards/reddit_1den83u_03.jpg,reddit_1den83u_03.jpg,TFEU01,FALSE,NA
FALSE,UNKNOWN,NA,Megatron,NA,high,"This is a product photo of a Transformers Legacy United toy (Megatron/Trypticon figure) in retail packaging, not a trading card. The image shows a Hasbro toy box with the figure in both robot and vehicle modes.",/mnt/d/dev/p/trading_card_games/kayou_transformers/TFEU01/cards/reddit_1den83u_04.jpg,reddit_1den83u_04.jpg,TFEU01,FALSE,NA
FALSE,UNKNOWN,NA,NA,NA,high,"This is product packaging for a Transformers toy (Legacy United Decepticon Galvatron), not a trading card. Shows front and back of retail package.",/mnt/d/dev/p/trading_card_games/kayou_transformers/TFEU01/cards/reddit_1den83u_05.jpg,reddit_1den83u_05.jpg,TFEU01,FALSE,NA
FALSE,UNKNOWN,NA,NA,NA,high,"Image shows Transformers action figures/toys (Seekers in robot and jet modes), not trading cards",/mnt/d/dev/p/trading_card_games/kayou_transformers/TFEU01/cards/reddit_1den83u_06.jpg,reddit_1den83u_06.jpg,TFEU01,FALSE,NA
FALSE,UNKNOWN,NA,NA,NA,high,Image shows product photography of multiple non-Transformers card products - appears to be museum/art themed card sets with packaging. Not a Kayou Transformers trading card.,/mnt/d/dev/p/trading_card_games/kayou_transformers/TF03/cards/reddit_1dhhtjw_01.jpg,reddit_1dhhtjw_01.jpg,TF03,FALSE,NA
FALSE,UNKNOWN,NA,NA,NA,high,"Product information card showing box contents and pack configuration (30 packs/box, 5 cards/pack) for TF03 series, not an actual trading card",/mnt/d/dev/p/trading_card_games/kayou_transformers/TF03/cards/reddit_1dhhtjw_02.jpg,reddit_1dhhtjw_02.jpg,TF03,FALSE,NA
FALSE,UNKNOWN,NA,NA,NA,high,"This is a trading card pack/wrapper from The British Museum collaboration featuring terracotta warriors, not a Kayou Transformers trading card",/mnt/d/dev/p/trading_card_games/kayou_transformers/TF03/cards/reddit_1dhhtjw_03.jpg,reddit_1dhhtjw_03.jpg,TF03,FALSE,NA
FALSE,UNKNOWN,NA,NA,NA,high,"This is a product box for The British Museum Classic Series Card, not a Kayou Transformers trading card",/mnt/d/dev/p/trading_card_games/kayou_transformers/TF03/cards/reddit_1dhhtjw_04.jpg,reddit_1dhhtjw_04.jpg,TF03,FALSE,NA
FALSE,UNKNOWN,NA,NA,NA,high,"This is the back of a product package/box showing manufacturer information, barcode, and product specifications in Chinese. Not a trading card.",/mnt/d/dev/p/trading_card_games/kayou_transformers/TF03/cards/reddit_1dhhtjw_05.jpg,reddit_1dhhtjw_05.jpg,TF03,FALSE,NA
FALSE,UNKNOWN,NA,NA,NA,high,This is not a Kayou Transformers trading card. The image shows British Museum merchandise/products including decorative items with Egyptian and classical art motifs. No Transformers card is visible.,/mnt/d/dev/p/trading_card_games/kayou_transformers/TF03/cards/reddit_1dhhtjw_06.jpg,reddit_1dhhtjw_06.jpg,TF03,FALSE,NA
TRUE,TF03,SSR,Menasor,013,high,"TF03 SSR combiner team card showing Menasor. G1 cartoon art style, Chinese text visible, card number 013 clearly printed. SSR rarity code visible on card face. Combiner team composition matches TF03 set structure.",/mnt/d/dev/p/trading_card_games/kayou_transformers/TF03/cards/reddit_1dhhtjw_07.jpg,reddit_1dhhtjw_07.jpg,TF03,FALSE,NA
FALSE,UNKNOWN,NA,NA,NA,high,Not a single card image - this is a product display showing multiple cards and a rarity chart with Chinese text describing pack composition and pull rates,/mnt/d/dev/p/trading_card_games/kayou_transformers/TF03/cards/reddit_1dhhtjw_08.jpg,reddit_1dhhtjw_08.jpg,TF03,FALSE,NA
FALSE,UNKNOWN,NA,NA,NA,high,"This is a checklist/reference sheet showing multiple card thumbnails arranged in a grid format, not a single card front. The image appears to be a phone screen displaying a product catalog or collection checklist for what looks like a different card series (possibly history/museum themed based on the Chinese text visible).",/mnt/d/dev/p/trading_card_games/kayou_transformers/TF03/cards/reddit_1dhhtjw_09.jpg,reddit_1dhhtjw_09.jpg,TF03,FALSE,NA
TRUE,TF03,SSR,Bruticus,SSR-016,high,G1 cartoon style combiner card showing Bruticus. Visible SSR rarity marking and card number SSR-016. Chinese text present. Matches TF03 Series 3 aesthetic and rarity system.,/mnt/d/dev/p/trading_card_games/kayou_transformers/TF03/cards/reddit_1dhhtjw_10.jpg,reddit_1dhhtjw_10.jpg,TF03,FALSE,NA
FALSE,UNKNOWN,NA,NA,NA,high,Not a Kayou Transformers trading card - this appears to be promotional/product photography of Griffin's Treasure themed collectible cards with decorative jewelry/pearl designs. Text reads '限编宝藏卡' (limited edition treasure card) and '限编12张' (limited to 12 cards). This is an entirely different trading card product line unrelated to Transformers.,/mnt/d/dev/p/trading_card_games/kayou_transformers/TF03/cards/reddit_1dhhtjw_11.jpg,reddit_1dhhtjw_11.jpg,TF03,FALSE,NA
TRUE,TF03,SSR,Devastator,013,high,"SSR rarity code visible in top-left, card number 013 visible, G1 cartoon art style showing Devastator combiner team, Chinese text present, consistent with TF03 Series 3 design",/mnt/d/dev/p/trading_card_games/kayou_transformers/TF03/cards/reddit_1dhhtjw_12.jpg,reddit_1dhhtjw_12.jpg,TF03,FALSE,NA
FALSE,TF40Y,NA,NA,NA,high,"This is not a single card image - it appears to be promotional material or video thumbnail for Transformers 40th Anniversary Special Movie content, showing stylized character art with English text overlay",/mnt/d/dev/p/trading_card_games/kayou_transformers/TF40Y/cards/reddit_1few2hc_01.jpg,reddit_1few2hc_01.jpg,TF40Y,FALSE,NA
FALSE,UNKNOWN,NA,NA,NA,high,Image is completely black with no visible card content,/mnt/d/dev/p/trading_card_games/kayou_transformers/TF40Y/cards/reddit_1fex28w_01.png,reddit_1fex28w_01.png,TF40Y,FALSE,NA
FALSE,UNKNOWN,NA,Vector Prime,NA,high,Not a card - this is a video screenshot or digital presentation showing Vector Prime from Cybertron Episode 47 with English description text on black background,/mnt/d/dev/p/trading_card_games/kayou_transformers/TF40Y/cards/reddit_1fgkybz_01.png,reddit_1fgkybz_01.png,TF40Y,FALSE,NA
FALSE,UNKNOWN,NA,NA,NA,high,"This is promotional artwork/box cover for TF40Y (Transformers The Movie 30th Anniversary Special Edition), not an individual trading card. Shows group art with Optimus Prime, Bumblebee, and other characters.",/mnt/d/dev/p/trading_card_games/kayou_transformers/TF40Y/cards/reddit_1fizyfq_01.jpeg,reddit_1fizyfq_01.jpeg,TF40Y,FALSE,NA
FALSE,UNKNOWN,NA,NA,NA,high,This is packaging/promotional artwork for TF40Y (40th Anniversary Special Edition) showing movie-style characters including Optimus Prime and Bumblebee. Not an individual card front.,/mnt/d/dev/p/trading_card_games/kayou_transformers/TF40Y/cards/reddit_1fizyfq_02.jpeg,reddit_1fizyfq_02.jpeg,TF40Y,FALSE,NA
FALSE,UNKNOWN,NA,NA,NA,high,"Meme image with text overlay, not a trading card",/mnt/d/dev/p/trading_card_games/kayou_transformers/TFO01/cards/reddit_1fmxunw_01.png,reddit_1fmxunw_01.png,TFO01,FALSE,NA
TRUE,TFO01,UR,Megatronus,009,high,Transformers One movie style art. Card shows Megatronus (The Fallen) in distinctive TFO1 design. UR rarity clearly visible. Card number 009 printed on card. Part of The Primes subset given the character is one of the 13 original Primes.,/mnt/d/dev/p/trading_card_games/kayou_transformers/TFO01/cards/reddit_1fmxunw_02.png,reddit_1fmxunw_02.png,TFO01,FALSE,NA
FALSE,UNKNOWN,NA,NA,NA,high,"This is a Transformers One movie poster, not a trading card. Shows multiple characters including Optimus Prime with theatrical release information.",/mnt/d/dev/p/trading_card_games/kayou_transformers/TFO01/cards/reddit_1fq446r_01.jpeg,reddit_1fq446r_01.jpeg,TFO01,FALSE,NA
FALSE,UNKNOWN,NA,NA,NA,high,"This is the Transformers One movie poster, not a trading card image. Shows theatrical release promotional art with multiple characters (Optimus Prime, Bumblebee, etc.) and theatrical release information.",/mnt/d/dev/p/trading_card_games/kayou_transformers/TFO01/cards/reddit_1fq446r_02.jpeg,reddit_1fq446r_02.jpeg,TFO01,FALSE,NA
TRUE,TFO01,HR,Optimus Prime,008,high,TFO01 card with HR rarity code visible on card face. Transformers One movie art style. Card number 008 visible. Shows Optimus Prime character in red/blue color scheme consistent with the 2024 animated film design.,/mnt/d/dev/p/trading_card_games/kayou_transformers/TFO01/cards/reddit_1fqnve4_01.jpg,reddit_1fqnve4_01.jpg,TFO01,FALSE,NA
TRUE,TFO01,HR,Airachnid,NA,high,TFO01 HR card showing Airachnid from Transformers One movie. Card displays HR rarity code clearly visible on bottom left. Modern CG movie art style with purple/black color scheme. Chinese text present with card denomination showing /30 indicating limited print run. Distinctive TFO01 set design with movie character styling.,/mnt/d/dev/p/trading_card_games/kayou_transformers/TFO01/cards/reddit_1fqnve4_02.jpg,reddit_1fqnve4_02.jpg,TFO01,FALSE,NA
TRUE,TFO01,SSR,Megatron,NA,high,Transformers One movie art style showing Megatron in silver/grey with purple accents. SSR rarity code clearly visible in bottom right corner. Card has distinctive TFO01 design with hexagonal pattern border and movie aesthetic.,/mnt/d/dev/p/trading_card_games/kayou_transformers/TFO01/cards/reddit_1fqnve4_03.jpg,reddit_1fqnve4_03.jpg,TFO01,FALSE,NA
TRUE,TFO01,SSR,Megatron,019,high,"TFO01 SSR card featuring Megatron from Transformers One movie. Card shows clear SSR rarity marking, card number 019/149 visible, Chinese text present, distinctive Transformers One animated film art style with silver/grey color scheme typical of movie Megatron design.",/mnt/d/dev/p/trading_card_games/kayou_transformers/TFO01/cards/reddit_1fqnve4_04.jpg,reddit_1fqnve4_04.jpg,TFO01,FALSE,NA
TRUE,TFO01,TP,Amalgamous Prime,006,high,TFO01 TP (The Primes) subset card. Card number TFO01-TP-006/013 visible at bottom left. Character name 'Amalgamous Prime' in English at top. Modern CGI art style consistent with Transformers One movie aesthetic. Gold/yellow accents typical of TP rarity.,/mnt/d/dev/p/trading_card_games/kayou_transformers/TFO01/cards/reddit_1fqnve4_05.jpg,reddit_1fqnve4_05.jpg,TFO01,FALSE,NA
TRUE,TFO01,SSR,Megatronus,006,high,"TFO01 SSR card showing Megatronus (The Fallen) from Transformers One. Clear 'SSR' rarity marking visible in top-left corner. Card number '006' visible at bottom. Dark, dramatic art style consistent with TFO01 set. This is part of The Primes subset.",/mnt/d/dev/p/trading_card_games/kayou_transformers/TFO01/cards/reddit_1fqnve4_06.jpg,reddit_1fqnve4_06.jpg,TFO01,FALSE,NA
TRUE,TFO01,SSR,Starscream,015,high,Transformers One movie art style showing Starscream in red/silver colors. Card number 015 clearly visible. SSR rarity marking visible on card. Distinctive TFO01 design aesthetic with Cybertronian setting.,/mnt/d/dev/p/trading_card_games/kayou_transformers/TFO01/cards/reddit_1fqnve4_07.jpg,reddit_1fqnve4_07.jpg,TFO01,FALSE,NA
TRUE,TFO01,UR-S,Sentinel Prime,UNKNOWN,high,TFO01 (Transformers One) card showing Sentinel Prime in movie animation style. Rarity code 'UR-S' visible in bottom right corner. Card features the distinctive Transformers One art style with blue and gold armor design.,/mnt/d/dev/p/trading_card_games/kayou_transformers/TFO01/cards/reddit_1fqnve4_08.jpg,reddit_1fqnve4_08.jpg,TFO01,FALSE,NA
TRUE,TFO01,SSR,D-16,SSR-008,high,Transformers One movie art style showing D-16 (pre-Megatron). Card displays 'SSR-008' numbering format and SSR rarity marking. Distinctive TFO01 aesthetic with animated movie character design.,/mnt/d/dev/p/trading_card_games/kayou_transformers/TFO01/cards/reddit_1fqnve4_09.jpg,reddit_1fqnve4_09.jpg,TFO01,FALSE,NA
TRUE,TFO01,SSR,Megatronus,016,high,TFO01 SSR card featuring Megatronus (The Fallen) from Transformers One movie. Card shows CGI movie art style with Chinese text. Rarity code 'SSR' and card number '016' clearly visible on card face. Part of The Primes subset.,/mnt/d/dev/p/trading_card_games/kayou_transformers/TFO01/cards/reddit_1fqnve4_10.jpg,reddit_1fqnve4_10.jpg,TFO01,FALSE,NA
TRUE,TFO01,SHR,D-16,NA,high,Transformers One movie art style with SHR rarity visible on card face,/mnt/d/dev/p/trading_card_games/kayou_transformers/TFO01/cards/reddit_1fqnve4_11.jpg,reddit_1fqnve4_11.jpg,TFO01,FALSE,NA
TRUE,TFO01,TP,Onyx Prime,009,high,TFO01 TP subset card featuring Onyx Prime from The Primes collection. Card number TFO01TP-009-013 visible at bottom. Modern toy photo style consistent with Transformers One movie set. Gold holographic pattern and blue border distinctive of TP rarity.,/mnt/d/dev/p/trading_card_games/kayou_transformers/TFO01/cards/reddit_1fqnve4_12.jpg,reddit_1fqnve4_12.jpg,TFO01,FALSE,NA
TRUE,TFO01,UR,Megatron,006,high,TFO01 Transformers One movie style card showing Megatron. UR rarity clearly visible in top right corner. Card number 006 visible. Modern CGI animation art style consistent with 2024 Transformers One film.,/mnt/d/dev/p/trading_card_games/kayou_transformers/TFO01/cards/reddit_1fqnve4_13.jpg,reddit_1fqnve4_13.jpg,TFO01,FALSE,NA
FALSE,UNKNOWN,NA,NA,NA,high,"This is a screenshot from the Transformers One animated film, not a trading card. Shows Orion Pax (blue robot) from the movie, but this is cinematic footage, not card imagery.",/mnt/d/dev/p/trading_card_games/kayou_transformers/TFO01/cards/reddit_1fw5g8w_01.jpeg,reddit_1fw5g8w_01.jpeg,TFO01,FALSE,NA
FALSE,UNKNOWN,NA,NA,NA,high,"This is a screenshot from the Transformers One animated movie showing a character in action, not a trading card. It appears to be a frame capture from the film itself.",/mnt/d/dev/p/trading_card_games/kayou_transformers/TFO01/cards/reddit_1fw5g8w_02.jpeg,reddit_1fw5g8w_02.jpeg,TFO01,FALSE,NA
FALSE,UNKNOWN,NA,NA,NA,high,Multiple cards displayed in a grid layout on what appears to be a binder page or collection sheet. Not a single card front image.,/mnt/d/dev/p/trading_card_games/kayou_transformers/TFH01/cards/reddit_1g6xofg_01.png,reddit_1g6xofg_01.png,TFH01,FALSE,NA
FALSE,TFH01,NA,NA,NA,high,"Multiple cards displayed in a collection/spread layout, not a single card front image. Cards appear to be from TFH01 (Headmasters) set based on art style and color scheme.",/mnt/d/dev/p/trading_card_games/kayou_transformers/TFH01/cards/reddit_1g6xofg_02.png,reddit_1g6xofg_02.png,TFH01,FALSE,NA
FALSE,TFH01,NA,NA,NA,high,"Multiple cards displayed in a photo layout - not a single card front. Image shows 9 TFH01 Headmasters cards with holographic/foil effects, including what appears to be SSR and UR rarities based on the art style and effects.",/mnt/d/dev/p/trading_card_games/kayou_transformers/TFH01/cards/reddit_1g6xofg_03.png,reddit_1g6xofg_03.png,TFH01,FALSE,NA
FALSE,UNKNOWN,NA,NA,NA,high,"Image shows a collection/binder page with multiple Kayou Transformers cards arranged together, not a single card front. Cannot classify individual card details from this multi-card layout photo.",/mnt/d/dev/p/trading_card_games/kayou_transformers/TFH01/cards/reddit_1g6xofg_04.png,reddit_1g6xofg_04.png,TFH01,FALSE,NA
FALSE,TFH01,NA,NA,NA,high,"Multiple cards displayed together in a fan layout - not a single card front. Cards appear to be TFH01 Headmasters set based on anime art style and visible character designs, but this is a collection photo not suitable for individual card classification.",/mnt/d/dev/p/trading_card_games/kayou_transformers/TFH01/cards/reddit_1g6xofg_05.jpg,reddit_1g6xofg_05.jpg,TFH01,FALSE,NA
FALSE,UNKNOWN,NA,NA,NA,high,This is a page from a book or booklet showing Chapter 2 with dialogue text about D-16 and Orion Pax. Not a trading card.,/mnt/d/dev/p/trading_card_games/kayou_transformers/TFO01/cards/reddit_1g9kmv9_01.jpg,reddit_1g9kmv9_01.jpg,TFO01,FALSE,NA
FALSE,UNKNOWN,NA,NA,NA,high,"This appears to be a cutout standee or card art displayed against a real-world background (chain link fence visible). The art style matches Transformers One animated movie aesthetic but this is not a photograph of an actual trading card - it's a physical cutout or promotional standee. No card border, rarity marking, or card number visible.",/mnt/d/dev/p/trading_card_games/kayou_transformers/TFO01/cards/reddit_1g9kmv9_02.jpg,reddit_1g9kmv9_02.jpg,TFO01,FALSE,NA
FALSE,UNKNOWN,NA,NA,NA,high,YouTube video thumbnail/screenshot showing Transformers 40th Anniversary Special Movie by Studio Trigger - not a trading card image,/mnt/d/dev/p/trading_card_games/kayou_transformers/TF40Y/cards/reddit_1g9xng8_01.png,reddit_1g9xng8_01.png,TF40Y,FALSE,NA
FALSE,UNKNOWN,NA,NA,NA,high,This is a YouTube video screenshot showing a video title about Transformers 40th Anniversary by Studio Trigger. Not a trading card image.,/mnt/d/dev/p/trading_card_games/kayou_transformers/TF40Y/cards/reddit_1g9xng8_02.png,reddit_1g9xng8_02.png,TF40Y,FALSE,NA
FALSE,UNKNOWN,NA,NA,NA,high,This is promotional or reference art showing multiple Headmasters characters in a group pose with English text 'HI THERE! WE'RE THE HEADMASTERS!'. Not a single card front - appears to be marketing material or card back design.,/mnt/d/dev/p/trading_card_games/kayou_transformers/TFH01/cards/reddit_1gc4977_01.jpg,reddit_1gc4977_01.jpg,TFH01,FALSE,NA
FALSE,UNKNOWN,NA,NA,NA,high,This is a comic panel or artwork showing multiple Transformers characters in classic Marvel comic style with English text bubbles. Not a Kayou trading card - appears to be source material or reference art.,/mnt/d/dev/p/trading_card_games/kayou_transformers/TFH01/cards/reddit_1gc4977_02.jpg,reddit_1gc4977_02.jpg,TFH01,FALSE,NA
TRUE,TFH01,SR,Chromedome,012,high,TFH01 Headmasters set card showing Chromedome in Headmasters anime art style. Card displays SR rarity code and number 012. Chinese text visible. Distinctive Headmasters character design with trademark blue color scheme.,/mnt/d/dev/p/trading_card_games/kayou_transformers/TFH01/cards/reddit_1gc4977_03.jpg,reddit_1gc4977_03.jpg,TFH01,FALSE,NA
TRUE,TFO01,SSR,D-16,030,high,Transformers One movie art style showing D-16 (pre-Megatron). Card number 030 visible at bottom right. SSR rarity code visible. Distinctive TFO01 animated movie aesthetic with Chinese text.,/mnt/d/dev/p/trading_card_games/kayou_transformers/TFO01/cards/reddit_1gr6vv4_01.jpeg,reddit_1gr6vv4_01.jpeg,TFO01,FALSE,NA
TRUE,TFO01,UR-S,Megatronus,149,high,TFO01 card with clear UR-S rarity marking visible. Shows Megatronus (The Fallen) in Transformers One movie art style. Card number 149 visible in corner. Purple/pink holographic finish typical of UR-S rarity.,/mnt/d/dev/p/trading_card_games/kayou_transformers/TFO01/cards/reddit_1gr6vv4_02.jpeg,reddit_1gr6vv4_02.jpeg,TFO01,FALSE,NA
TRUE,TFO01,SR,Starscream,NA,high,TFO01 Transformers One movie style card showing Starscream with visible SR rarity designation in bottom left corner. Art style matches 2024 animated film aesthetic with blue/grey color scheme.,/mnt/d/dev/p/trading_card_games/kayou_transformers/TFO01/cards/reddit_1guw1hi_01.jpeg,reddit_1guw1hi_01.jpeg,TFO01,FALSE,NA
TRUE,TFO01,HR,Megatron,008,high,TFO01 HR-008 Megatron. Clear rarity code 'HR' and card number '008' visible on bottom right of card. Transformers One movie art style showing Megatron in silver/grey colors with distinctive animated film design. Card has Chinese text and typical TFO01 border design.,/mnt/d/dev/p/trading_card_games/kayou_transformers/TFO01/cards/reddit_1guw1hi_02.jpeg,reddit_1guw1hi_02.jpeg,TFO01,FALSE,NA
TRUE,TFO01,UR,Optimus Prime,NA,high,Transformers One movie art style with metallic robot design. UR rarity code visible on card face. Modern CGI aesthetic consistent with 2024 animated film.,/mnt/d/dev/p/trading_card_games/kayou_transformers/TFO01/cards/reddit_1gwp1la_01.jpeg,reddit_1gwp1la_01.jpeg,TFO01,FALSE,NA
TRUE,TFO01,UR,Sentinel Prime,NA,high,Transformers One movie style art with CGI character design. UR rarity code visible in top-right corner. Card shows Sentinel Prime in blue and gold color scheme consistent with TFO01 set.,/mnt/d/dev/p/trading_card_games/kayou_transformers/TFO01/cards/reddit_1gwp1la_02.jpeg,reddit_1gwp1la_02.jpeg,TFO01,FALSE,NA
FALSE,UNKNOWN,NA,NA,NA,high,"This is a movie poster for 'Transformers: Rise of the Beasts', not a trading card. Shows promotional theatrical artwork with 'UNITE OR FALL' and 'ONLY IN THEATRES JUNE 9' text.",/mnt/d/dev/p/trading_card_games/kayou_transformers/TFO01/cards/reddit_1h1apq9_01.jpeg,reddit_1h1apq9_01.jpeg,TFO01,FALSE,NA
TRUE,TFO01,SHR,Megatron,021,high,"TFO01 Transformers One card with SHR rarity code visible at top, card number 021 at bottom. Features Megatron in silver/grey Transformers One movie style with Chinese text. Clear holographic/special rarity treatment on card surface.",/mnt/d/dev/p/trading_card_games/kayou_transformers/TFO01/cards/reddit_1h1apq9_02.jpeg,reddit_1h1apq9_02.jpeg,TFO01,FALSE,NA
TRUE,TFO01,SSR,B-127,SSR-008,high,Transformers One movie style card with SSR rarity marking visible at bottom right. Card number SSR-008 clearly printed. Character is B-127 (young Bumblebee) in yellow with distinctive Transformers One animated film aesthetic. Chinese text present on card.,/mnt/d/dev/p/trading_card_games/kayou_transformers/TFO01/cards/reddit_1h322cr_01.jpeg,reddit_1h322cr_01.jpeg,TFO01,FALSE,NA
FALSE,TFO01,NA,NA,NA,high,"Mobile app screenshot showing TFO01 collection interface with multiple card thumbnails. Cards visible show TFO01-SE and TFO01-XR prefixes with character names like Skytread (擎天柱), Sentinel (威震天), and B-127. Not a single card front.",/mnt/d/dev/p/trading_card_games/kayou_transformers/TFO01/cards/reddit_1h322cr_02.jpeg,reddit_1h322cr_02.jpeg,TFO01,FALSE,NA
FALSE,UNKNOWN,NA,NA,NA,high,"This appears to be a promotional/group art image showing multiple Transformers characters together, not a single trading card. No rarity code, card number, or individual card border visible.",/mnt/d/dev/p/trading_card_games/kayou_transformers/TF40Y/cards/reddit_1h4ph42_01.jpg,reddit_1h4ph42_01.jpg,TF40Y,FALSE,NA
TRUE,TF40Y,SSR,Blurr,024,high,40th Anniversary set card showing Blurr in modern animated style with dynamic action composition. Card shows SSR rarity marking at bottom right with number 024. Distinctive TF40Y design aesthetic with vibrant colors and energetic pose.,/mnt/d/dev/p/trading_card_games/kayou_transformers/TF40Y/cards/reddit_1h4ph42_02.jpg,reddit_1h4ph42_02.jpg,TF40Y,FALSE,NA
TRUE,TF40Y,SCR,Megatron,NA,high,"G1 Megatron with red eyes in silver/grey coloring, classic animation style consistent with 40th Anniversary set. SCR (Secret Rare) visible in bottom right corner. Image shows close-up portrait artwork typical of TF40Y high-rarity cards.",/mnt/d/dev/p/trading_card_games/kayou_transformers/TF40Y/cards/reddit_1h4ph42_03.jpg,reddit_1h4ph42_03.jpg,TF40Y,FALSE,NA
FALSE,UNKNOWN,NA,NA,NA,high,"This is a photograph of a physical Transformers toy/figure, not a trading card image",/mnt/d/dev/p/trading_card_games/kayou_transformers/TFH01/cards/reddit_1hcl4yx_01.jpg,reddit_1hcl4yx_01.jpg,TFH01,FALSE,NA
FALSE,UNKNOWN,NA,NA,NA,high,"This is a photo of Transformers toy figures/vehicles in vehicle mode, not a trading card image",/mnt/d/dev/p/trading_card_games/kayou_transformers/TFH01/cards/reddit_1hcl4yx_02.jpg,reddit_1hcl4yx_02.jpg,TFH01,FALSE,NA
FALSE,UNKNOWN,NA,NA,NA,high,"Image shows physical Transformers toys/figures in vehicle mode, not a trading card",/mnt/d/dev/p/trading_card_games/kayou_transformers/TFH01/cards/reddit_1hcl4yx_03.jpg,reddit_1hcl4yx_03.jpg,TFH01,FALSE,NA
FALSE,UNKNOWN,NA,NA,NA,high,"This is a photograph of a physical Transformers toy/action figure, not a trading card",/mnt/d/dev/p/trading_card_games/kayou_transformers/TFH01/cards/reddit_1hcl4yx_04.jpg,reddit_1hcl4yx_04.jpg,TFH01,FALSE,NA
FALSE,UNKNOWN,NA,NA,NA,high,"Photo of a Transformers toy/figure (appears to be Ultra Magnus base mode or similar vehicle), not a trading card",/mnt/d/dev/p/trading_card_games/kayou_transformers/TFH01/cards/reddit_1hcl4yx_05.jpg,reddit_1hcl4yx_05.jpg,TFH01,FALSE,NA
FALSE,UNKNOWN,NA,NA,NA,high,"This is a photograph of Transformers toys/figures in vehicle mode, not a trading card",/mnt/d/dev/p/trading_card_games/kayou_transformers/TFH01/cards/reddit_1hcl4yx_06.jpg,reddit_1hcl4yx_06.jpg,TFH01,FALSE,NA
FALSE,UNKNOWN,NA,NA,NA,high,"Image shows Transformers toy parts/weapons disassembled on white background, not a trading card",/mnt/d/dev/p/trading_card_games/kayou_transformers/TFH01/cards/reddit_1hcl4yx_07.jpg,reddit_1hcl4yx_07.jpg,TFH01,FALSE,NA
FALSE,UNKNOWN,NA,NA,NA,high,"Image shows a physical Transformers toy figure (blue and white robot), not a trading card",/mnt/d/dev/p/trading_card_games/kayou_transformers/TFH01/cards/reddit_1hcl4yx_08.jpg,reddit_1hcl4yx_08.jpg,TFH01,FALSE,NA
FALSE,UNKNOWN,NA,NA,NA,high,"Physical Transformers toy figure (blue and white robot), not a trading card",/mnt/d/dev/p/trading_card_games/kayou_transformers/TFH01/cards/reddit_1hcl4yx_09.jpg,reddit_1hcl4yx_09.jpg,TFH01,FALSE,NA
FALSE,UNKNOWN,NA,NA,NA,high,"This is a photograph of a physical Transformers toy/action figure, not a trading card image",/mnt/d/dev/p/trading_card_games/kayou_transformers/TFH01/cards/reddit_1hcl4yx_10.jpg,reddit_1hcl4yx_10.jpg,TFH01,FALSE,NA
FALSE,UNKNOWN,NA,NA,NA,high,"This is a wide landscape scene/artwork showing a Cybertronian cityscape with multiple robot figures, not a single trading card front. Appears to be concept art or promotional material from Transformers One animated film.",/mnt/d/dev/p/trading_card_games/kayou_transformers/TFO01/cards/reddit_1hk0pej_01.jpeg,reddit_1hk0pej_01.jpeg,TFO01,FALSE,NA
FALSE,UNKNOWN,NA,NA,NA,high,"Not a trading card - this is a scene from the Transformers One animated movie showing the underground city of Iacon with multiple characters. No card frame, rarity code, or card elements visible.",/mnt/d/dev/p/trading_card_games/kayou_transformers/TFO01/cards/reddit_1hk0pej_02.jpeg,reddit_1hk0pej_02.jpeg,TFO01,FALSE,NA
FALSE,UNKNOWN,NA,NA,NA,high,This is a promotional image/banner showing Transformers Animated series artwork with voice actors' photos. Not a trading card.,/mnt/d/dev/p/trading_card_games/kayou_transformers/TFH01/cards/reddit_1hn3ajp_01.jpg,reddit_1hn3ajp_01.jpg,TFH01,FALSE,NA
TRUE,TF40Y,HR,Grimlock,014,high,"G1 Grimlock art style with Chinese text, clear HR rarity code visible on card face, card number 014 visible, matches TF40Y 40th Anniversary set characteristics",/mnt/d/dev/p/trading_card_games/kayou_transformers/TF40Y/cards/reddit_1hz5t26_01.jpg,reddit_1hz5t26_01.jpg,TF40Y,FALSE,NA
TRUE,TF40Y,NA,Starscream,NA,high,G1 cartoon style Starscream in flying pose with characteristic red/white/blue color scheme. Prominent 40 YEARS anniversary logo visible in bottom right corner. Gradient yellow-to-red background with pixelated grid pattern characteristic of TF40Y set. Multiple cards visible in photo but focus on center card showing single card front.,/mnt/d/dev/p/trading_card_games/kayou_transformers/TF40Y/cards/reddit_1hz5t26_02.jpg,reddit_1hz5t26_02.jpg,TF40Y,FALSE,NA
FALSE,TF40Y,NA,NA,NA,high,"Image shows 4 card backs from TF40Y 40th Anniversary set - not card fronts. Shows Brawn (#56), Jazz (#85), Ramjet (#??), and Grapple (#60) backs with character bios and 'DYNAMITE' branding",/mnt/d/dev/p/trading_card_games/kayou_transformers/TF40Y/cards/reddit_1hz5t26_03.jpg,reddit_1hz5t26_03.jpg,TF40Y,FALSE,NA
TRUE,TFO01,UR,Optimus Prime,007,high,TFO01 UR card featuring Optimus Prime in Transformers One movie art style. Card shows clear UR rarity marking and number 007 on the card face. Distinctive animated film aesthetic with modern CGI character design.,/mnt/d/dev/p/trading_card_games/kayou_transformers/TFO01/cards/reddit_1i690c1_01.jpg,reddit_1i690c1_01.jpg,TFO01,FALSE,NA
TRUE,TFO01,SHR,Optimus Prime,007,high,TFO01 card with SHR rarity code visible at bottom right. Card number 007 visible. Features Transformers One movie art style with holographic/metallic effect. Red and blue color scheme characteristic of Optimus Prime.,/mnt/d/dev/p/trading_card_games/kayou_transformers/TFO01/cards/reddit_1i690c1_02.jpg,reddit_1i690c1_02.jpg,TFO01,FALSE,NA
FALSE,TFO01,NA,NA,NA,high,"Product packaging photo showing four TFO01 (Transformers One) booster boxes in different colors (yellow, red, blue, purple) with Kayou logo. Not a single card image - this is promotional/product photography.",/mnt/d/dev/p/trading_card_games/kayou_transformers/TFO01/cards/reddit_1i839i8_01.jpeg,reddit_1i839i8_01.jpeg,TFO01,FALSE,NA
FALSE,UNKNOWN,NA,NA,NA,high,"This is a Hasbro Transformers Studio Series toy product package for Constructicon Hook and Long Haul, not a Kayou trading card",/mnt/d/dev/p/trading_card_games/kayou_transformers/TF03/cards/reddit_1ik28vr_01.jpg,reddit_1ik28vr_01.jpg,TF03,FALSE,NA
FALSE,UNKNOWN,NA,NA,NA,high,"This is a product photo showing Transformers toys (appears to be Constructicons combiner team members in robot and vehicle modes), not a trading card image",/mnt/d/dev/p/trading_card_games/kayou_transformers/TF03/cards/reddit_1ik28vr_02.jpg,reddit_1ik28vr_02.jpg,TF03,FALSE,NA
TRUE,TF03,SSR,Bruticus,006,high,G1 cartoon art style combiner team card showing Bruticus. Clear SSR rarity marking visible. Card number 006 visible. Typical TF03 design with Chinese text and G1 aesthetic. Part of the confirmed TF03 SSR combiner team subset.,/mnt/d/dev/p/trading_card_games/kayou_transformers/TF03/cards/reddit_1ik28vr_03.jpg,reddit_1ik28vr_03.jpg,TF03,FALSE,NA
FALSE,UNKNOWN,NA,NA,NA,high,This is a Hasbro Transformers toy box/packaging image showing Hook and Long Haul from the Constructicons. Not a Kayou trading card.,/mnt/d/dev/p/trading_card_games/kayou_transformers/TF03/cards/reddit_1ik28vr_04.jpg,reddit_1ik28vr_04.jpg,TF03,FALSE,NA
FALSE,UNKNOWN,NA,NA,NA,high,"This is a photograph of a Transformers action figure/toy posed outdoors in foliage, not a trading card",/mnt/d/dev/p/trading_card_games/kayou_transformers/TF40Y/cards/reddit_1iv3yia_01.jpg,reddit_1iv3yia_01.jpg,TF40Y,FALSE,NA
FALSE,UNKNOWN,NA,NA,NA,high,This is a photograph of a Transformers toy/action figure (appears to be Grimlock or a similar dinosaur-themed character) in an outdoor setting with plants. Not a trading card image.,/mnt/d/dev/p/trading_card_games/kayou_transformers/TF40Y/cards/reddit_1iv3yia_02.jpg,reddit_1iv3yia_02.jpg,TF40Y,FALSE,NA
FALSE,UNKNOWN,NA,NA,NA,high,"Image shows a Transformers action figure (appears to be Grimlock or similar Dinobot) photographed among plants, not a trading card",/mnt/d/dev/p/trading_card_games/kayou_transformers/TF40Y/cards/reddit_1iv3yia_03.jpg,reddit_1iv3yia_03.jpg,TF40Y,FALSE,NA
TRUE,TF40Y,UR,Optimus Primal,006,high,40th Anniversary set. Beast Wars Optimus Primal with gorilla mode art. UR rarity clearly visible on card. Card number 006 visible. Characteristic TF40Y design with mixed-era artwork.,/mnt/d/dev/p/trading_card_games/kayou_transformers/TF40Y/cards/reddit_1iv3yia_04.jpg,reddit_1iv3yia_04.jpg,TF40Y,FALSE,NA
TRUE,TF40Y,UR,Megatron,016,high,TF40Y 40th Anniversary set card showing G1 Megatron in gun mode with purple/grey color scheme. Card number 016 clearly visible with UR rarity marking. Distinctive TF40Y holographic border pattern and 40th anniversary styling.,/mnt/d/dev/p/trading_card_games/kayou_transformers/TF40Y/cards/reddit_1iv3yia_05.jpg,reddit_1iv3yia_05.jpg,TF40Y,FALSE,NA
FALSE,UNKNOWN,NA,NA,NA,high,"This is a photograph of a Transformers action figure (appears to be a G1-style figure with blue helmet and yellow body) positioned in grass/foliage, not a trading card image",/mnt/d/dev/p/trading_card_games/kayou_transformers/TF40Y/cards/reddit_1iv3yia_06.jpg,reddit_1iv3yia_06.jpg,TF40Y,FALSE,NA
TRUE,TF40Y,SSR,Optimus Primal,019,high,"Beast Wars Optimus Primal in gorilla form with 'Supreme Commander' English text, SSR rarity visible on card, number 019 clearly shown, 40th anniversary set distinctive design",/mnt/d/dev/p/trading_card_games/kayou_transformers/TF40Y/cards/reddit_1iv3yia_07.jpg,reddit_1iv3yia_07.jpg,TF40Y,FALSE,NA
FALSE,UNKNOWN,NA,NA,NA,high,"This is a photograph of a Transformers action figure/toy, not a trading card. Shows what appears to be a G1-style figure with yellow chest, blue head with crown, and red/blue limbs.",/mnt/d/dev/p/trading_card_games/kayou_transformers/TF40Y/cards/reddit_1iv3yia_08.jpg,reddit_1iv3yia_08.jpg,TF40Y,FALSE,NA
FALSE,UNKNOWN,NA,NA,NA,high,"This is a photograph of Transformers toys/figures (appears to be Omega Supreme and another character), not a trading card",/mnt/d/dev/p/trading_card_games/kayou_transformers/TF40Y/cards/reddit_1iv3yia_09.jpg,reddit_1iv3yia_09.jpg,TF40Y,FALSE,NA
TRUE,TF40Y,USR,Optimus Primal,002,high,"Beast Wars Optimus Primal card with USR rarity clearly visible, card number 002 on bottom right, 40th Anniversary set design with Chinese text",/mnt/d/dev/p/trading_card_games/kayou_transformers/TF40Y/cards/reddit_1iv3yia_10.jpg,reddit_1iv3yia_10.jpg,TF40Y,FALSE,NA
TRUE,TFEU01,XR,Optimus Prime,001,high,Modern Western comic art style with English text. Card shows Optimus Prime in IDW/Skybound Energon Universe style with bold red/blue coloring. XR rarity clearly visible on card face. Distinctive TFEU01 design aesthetic with comic panel layout and English character name.,/mnt/d/dev/p/trading_card_games/kayou_transformers/TFEU01/cards/reddit_1jwgyc9_01.jpeg,reddit_1jwgyc9_01.jpeg,TFEU01,FALSE,NA
TRUE,TFEU01,SR,Soundwave,036,high,"TFEU01 SR-036 Soundwave card with Western comic art style, English text, modern Energon Universe design aesthetic. Rarity code 'SR' visible on card face, card number '036' clearly printed.",/mnt/d/dev/p/trading_card_games/kayou_transformers/TFEU01/cards/reddit_1jwgyc9_02.jpeg,reddit_1jwgyc9_02.jpeg,TFEU01,FALSE,NA
FALSE,UNKNOWN,NA,NA,NA,high,"Not a trading card - appears to be a photo of a screen/monitor showing an animated scene with Spanish subtitles ('Después de...'). Shows buildings and sky, not a Kayou trading card.",/mnt/d/dev/p/trading_card_games/kayou_transformers/TFH01/cards/reddit_1kq1ptv_01.jpeg,reddit_1kq1ptv_01.jpeg,TFH01,FALSE,NA
FALSE,UNKNOWN,NA,NA,NA,high,Photo of a computer monitor displaying what appears to be a scene from Transformers animated content (showing buildings/cityscape with Spanish subtitles). Not a trading card image.,/mnt/d/dev/p/trading_card_games/kayou_transformers/TFH01/cards/reddit_1kq1ptv_02.jpeg,reddit_1kq1ptv_02.jpeg,TFH01,FALSE,NA
FALSE,TFO01,NA,NA,NA,high,"This is promotional artwork/poster for Transformers One (2024 film) showing Optimus Prime, Bumblebee, and Elita-1, not a trading card. Features 'LIMITED SERIES 2024' Autobot branding.",/mnt/d/dev/p/trading_card_games/kayou_transformers/TFO01/cards/reddit_1ks20sh_01.jpeg,reddit_1ks20sh_01.jpeg,TFO01,FALSE,NA
FALSE,UNKNOWN,NA,NA,NA,high,"This is a Transformers One movie poster/promotional art showing Optimus Prime, Bumblebee, and other characters. Not a trading card - no rarity code, card number, or card frame visible. Shows 'LIMITED EDITION 2024' text at bottom left.",/mnt/d/dev/p/trading_card_games/kayou_transformers/TFO01/cards/reddit_1ks20sh_02.jpeg,reddit_1ks20sh_02.jpeg,TFO01,FALSE,NA
FALSE,UNKNOWN,NA,NA,NA,high,"This is a comic book or booklet cover (Transformers Compendium One) showing multiple characters, not a single trading card",/mnt/d/dev/p/trading_card_games/kayou_transformers/TFH01/cards/reddit_1kxn1ek_01.jpg,reddit_1kxn1ek_01.jpg,TFH01,FALSE,NA
FALSE,UNKNOWN,NA,NA,NA,high,"Image shows edge of card stack/deck in car, not a single card front. Cannot classify individual card details.",/mnt/d/dev/p/trading_card_games/kayou_transformers/TFH01/cards/reddit_1kxn1ek_02.jpg,reddit_1kxn1ek_02.jpg,TFH01,FALSE,NA
TRUE,TF03,LR,Optimus Prime,NA,high,G1 cartoon art style with Chinese text. Card shows Optimus Prime with 'LR' rarity code visible on the card face. Distinctive Series 3 design with holographic/rainbow foil pattern typical of higher rarity TF01-TF03 cards.,/mnt/d/dev/p/trading_card_games/kayou_transformers/TF03/cards/reddit_1l2v2ls_01.jpeg,reddit_1l2v2ls_01.jpeg,TF03,FALSE,NA
FALSE,UNKNOWN,NA,NA,NA,high,"This is a promotional image for Takara Tomy Transformers Studio Series toys (TS-06 through TS-12), not a Kayou trading card",/mnt/d/dev/p/trading_card_games/kayou_transformers/TF03/cards/reddit_1l2v2ls_02.jpeg,reddit_1l2v2ls_02.jpeg,TF03,FALSE,NA
TRUE,TFEU01,SR,Unknown,NA,high,"Modern Western comic art style with comic panel layout, English text visible in speech bubbles, yellow/orange color scheme. Matches TFEU01 Energon Universe aesthetic perfectly. SR rarity code visible in bottom left corner. Character not clearly identifiable from art.",/mnt/d/dev/p/trading_card_games/kayou_transformers/TFEU01/cards/reddit_1lbowo1_01.jpeg,reddit_1lbowo1_01.jpeg,TFEU01,FALSE,NA
TRUE,TFEU01,UR,Shockwave,050,high,Modern Western comic art style with English text. Card shows Shockwave with purple coloring in IDW/Skybound Energon Universe style. UR rarity code visible on card face. Card number 050 printed on bottom.,/mnt/d/dev/p/trading_card_games/kayou_transformers/TFEU01/cards/reddit_1lbowo1_02.jpg,reddit_1lbowo1_02.jpg,TFEU01,FALSE,NA
TRUE,TFEU01,UR,Optimus Prime,013,high,"TFEU01 Energon Universe card with modern Western comic art style, English text 'OPTIMUS PRIME' visible, UR rarity marking on card, card number 013 visible in bottom left, distinctive IDW/Skybound comic aesthetic with blue and red color scheme",/mnt/d/dev/p/trading_card_games/kayou_transformers/TFEU01/cards/reddit_1lbowo1_03.jpg,reddit_1lbowo1_03.jpg,TFEU01,FALSE,NA
FALSE,UNKNOWN,NA,NA,NA,high,"This is a comic book page with multiple panels, not a trading card. Shows Western comic art style with English speech bubbles and sound effects, but lacks card borders, rarity codes, or card numbering. Appears to be source material that TFEU01 cards might be based on.",/mnt/d/dev/p/trading_card_games/kayou_transformers/TFEU01/cards/reddit_1lbowo1_04.jpg,reddit_1lbowo1_04.jpg,TFEU01,FALSE,NA
TRUE,TFEU01,SR,Optimus Prime,012,high,"TFEU01 Energon Universe set confirmed by modern Western comic art style, English text 'OPTIMUS PRIME' at top, bold comic panel aesthetic. Card shows SR rarity code and number 012 visible on card face. Skybound Comics style artwork matches TFEU01 characteristics.",/mnt/d/dev/p/trading_card_games/kayou_transformers/TFEU01/cards/reddit_1lbowo1_05.jpg,reddit_1lbowo1_05.jpg,TFEU01,FALSE,NA
TRUE,TFEU01,SR,Starscream,NA,high,"Modern Western comic art style with English text, consistent with TFEU01 Energon Universe set. Card shows Starscream in jet mode with dramatic purple/blue coloring. SR (Montage) rarity visible on card face. Distinctive comic-panel aesthetic.",/mnt/d/dev/p/trading_card_games/kayou_transformers/TFEU01/cards/reddit_1lbowo1_06.jpg,reddit_1lbowo1_06.jpg,TFEU01,FALSE,NA
TRUE,TFEU01,UR,Optimus Prime,016,high,TFEU01 Energon Universe set. Modern Western comic art style with English text. Card shows Optimus Prime with 'ROLL OUT!' text. UR (Cover Variant) rarity visible. Card number 016 visible on card. Distinctive Skybound/IDW comic aesthetic with bold colors and dynamic action pose.,/mnt/d/dev/p/trading_card_games/kayou_transformers/TFEU01/cards/reddit_1lbowo1_07.jpg,reddit_1lbowo1_07.jpg,TFEU01,FALSE,NA
TRUE,TFEU01,SSR,Starscream,NA,high,"Modern Western comic art style (IDW/Skybound) with English text in speech bubbles, comic panel layout. Features purple/blue Decepticon (Starscream) with red/black character (possibly Perceptor). Characteristic TFEU01 Energon Universe aesthetic with bold comic book style artwork.",/mnt/d/dev/p/trading_card_games/kayou_transformers/TFEU01/cards/reddit_1lbowo1_08.jpg,reddit_1lbowo1_08.jpg,TFEU01,FALSE,NA
TRUE,TFEU01,SR,Optimus Prime,NA,high,TFEU01 Energon Universe set confirmed by modern Western comic art style with English text. Card shows Optimus Prime in IDW/Skybound comic aesthetic with bold red/blue colors. SR (Montage/蒙太奇卡) rarity clearly visible on card face. Distinctive comic panel layout typical of TFEU01 design.,/mnt/d/dev/p/trading_card_games/kayou_transformers/TFEU01/cards/reddit_1lbowo1_09.jpg,reddit_1lbowo1_09.jpg,TFEU01,FALSE,NA
TRUE,TFEU01,UR,Optimus Prime,054,high,"TFEU01 Energon Universe set confirmed by Western comic art style (Skybound), English text 'OPTIMUS PRIME', and UR rarity marking. Card shows Optimus Prime in red/blue color scheme with modern comic book aesthetic. Card number 054 visible in corner.",/mnt/d/dev/p/trading_card_games/kayou_transformers/TFEU01/cards/reddit_1lbowo1_10.jpg,reddit_1lbowo1_10.jpg,TFEU01,FALSE,NA
TRUE,TFEU01,SR,Optimus Prime,NA,high,Modern Western comic art style with English text 'OPTIMUS PRIME' visible. Distinctive Energon Universe aesthetic with bold comic-panel design. SR rarity code visible on card face. Art shows Optimus Prime in IDW/Skybound style.,/mnt/d/dev/p/trading_card_games/kayou_transformers/TFEU01/cards/reddit_1lbowo1_11.jpg,reddit_1lbowo1_11.jpg,TFEU01,FALSE,NA
TRUE,TFEU01,SR,Optimus Prime,012,high,TFEU01 SR card with Energon Universe comic art style. English text 'OPTIMUS PRIME' visible at top. Card number 012 visible. Modern Western comic aesthetic with bold red/blue colors. Clear SR rarity marking on card face.,/mnt/d/dev/p/trading_card_games/kayou_transformers/TFEU01/cards/reddit_1lbowo1_12.jpg,reddit_1lbowo1_12.jpg,TFEU01,FALSE,NA
TRUE,TFEU01,UR,Optimus Prime,007,high,TFEU01 Energon Universe set. Modern Western comic art style with English text. Card shows Optimus Prime in IDW/Skybound comic style. UR (Cover Variant) rarity visible on card. Card number 007 clearly printed.,/mnt/d/dev/p/trading_card_games/kayou_transformers/TFEU01/cards/reddit_1lbowo1_13.jpg,reddit_1lbowo1_13.jpg,TFEU01,FALSE,NA
TRUE,TFEU01,SR,Optimus Prime,036,high,"TFEU01 Energon Universe card with Western comic art style (IDW/Skybound). Card shows comic panel layout with Optimus Prime. Clear SR rarity marking visible at bottom left, card number 036 visible at bottom right. Distinctive modern comic aesthetic with English text consistent with TFEU01 set.",/mnt/d/dev/p/trading_card_games/kayou_transformers/TFEU01/cards/reddit_1lbowo1_14.jpg,reddit_1lbowo1_14.jpg,TFEU01,FALSE,NA
TRUE,TFEU01,SR,Ultra Magnus,NA,high,"TFEU01 Energon Universe card with distinctive comic-panel layout, Western IDW/Skybound art style, English text visible in speech bubbles. Features Ultra Magnus in blue and red colors. SR rarity code visible on card. Classic comic book multi-panel composition with yellow and purple color scheme.",/mnt/d/dev/p/trading_card_games/kayou_transformers/TFEU01/cards/reddit_1lbowo1_15.jpg,reddit_1lbowo1_15.jpg,TFEU01,FALSE,NA
TRUE,TFEU01,SSR,Starscream,106,high,Modern Western comic art style with English text 'STARSCREAM' visible. Card shows distinctive Energon Universe aesthetic with bold comic-panel design. SSR rarity code visible on card face. Card number 106 clearly printed.,/mnt/d/dev/p/trading_card_games/kayou_transformers/TFEU01/cards/reddit_1lbowo1_16.jpg,reddit_1lbowo1_16.jpg,TFEU01,FALSE,NA
TRUE,TFEU01,SR,Starscream,NA,high,"Modern Western comic art style with English text, distinctive TFEU01 Energon Universe aesthetic. SR rarity visible in stylized red text. Comic panel layout showing Starscream with typical IDW/Skybound art style.",/mnt/d/dev/p/trading_card_games/kayou_transformers/TFEU01/cards/reddit_1lbowo1_17.jpg,reddit_1lbowo1_17.jpg,TFEU01,FALSE,NA
TRUE,TFEU01,UR,Thundercracker,065,high,TFEU01 Energon Universe card with Western comic art style. Card shows Thundercracker in blue jet mode with English text. Rarity code 'UR' visible at bottom with card number 065. Distinctive Energon Universe design with bold comic aesthetic.,/mnt/d/dev/p/trading_card_games/kayou_transformers/TFEU01/cards/reddit_1lbowo1_18.jpg,reddit_1lbowo1_18.jpg,TFEU01,FALSE,NA
TRUE,TFEU01,SSR,Arcee,NA,high,"TFEU01 card with modern Western comic art style, English text visible. SSR rarity indicator clearly visible at bottom of card. Pink/magenta color scheme consistent with Arcee character design from Energon Universe.",/mnt/d/dev/p/trading_card_games/kayou_transformers/TFEU01/cards/reddit_1lbowo1_19.jpg,reddit_1lbowo1_19.jpg,TFEU01,FALSE,NA
FALSE,UNKNOWN,NA,NA,NA,high,"Text screenshot discussing Transformers franchise history 1990-2017, not a trading card",/mnt/d/dev/p/trading_card_games/kayou_transformers/TF03/cards/reddit_1lcar2a_01.jpeg,reddit_1lcar2a_01.jpeg,TF03,FALSE,NA
FALSE,UNKNOWN,NA,NA,NA,high,This is not a trading card - it appears to be a text post or article about Transformers franchise history discussing various releases from 1990-2017,/mnt/d/dev/p/trading_card_games/kayou_transformers/TF03/cards/reddit_1lcar2a_02.jpeg,reddit_1lcar2a_02.jpeg,TF03,FALSE,NA
FALSE,UNKNOWN,NA,NA,NA,high,"This is a product photo of a Transformers toy (appears to be a Bumblebee figure), not a trading card",/mnt/d/dev/p/trading_card_games/kayou_transformers/TF03/cards/reddit_1liz6an_01.jpeg,reddit_1liz6an_01.jpeg,TF03,FALSE,NA
FALSE,UNKNOWN,NA,NA,NA,high,"This is a product photo of a Transformers toy figure (appears to be Bumblebee), not a trading card image",/mnt/d/dev/p/trading_card_games/kayou_transformers/TF03/cards/reddit_1liz6an_02.jpg,reddit_1liz6an_02.jpg,TF03,FALSE,NA
FALSE,UNKNOWN,NA,NA,NA,high,"This is a photograph of a Transformers toy vehicle (orange sports car), not a trading card",/mnt/d/dev/p/trading_card_games/kayou_transformers/TF03/cards/reddit_1liz6an_03.jpg,reddit_1liz6an_03.jpg,TF03,FALSE,NA
FALSE,UNKNOWN,NA,NA,NA,high,"This is a Hasbro Transformers Studio Series action figure package (KSI Widow/Boss), not a Kayou trading card. It shows toy packaging with a Transformers figure product, not a card.",/mnt/d/dev/p/trading_card_games/kayou_transformers/TF03/cards/reddit_1liz6an_04.jpg,reddit_1liz6an_04.jpg,TF03,FALSE,NA
TRUE,TF03,SR,Megatron,017,high,"G1 cartoon art style with Chinese text, clear SR rarity marking and 017 card number visible on card face",/mnt/d/dev/p/trading_card_games/kayou_transformers/TF03/cards/reddit_1liz6an_05.jpg,reddit_1liz6an_05.jpg,TF03,FALSE,NA
TRUE,TF03,SSR,Predaking,008,high,SSR rarity card showing Predaking combiner team. Card displays 'SSR 008' in top right corner. G1 cartoon art style with Chinese text and purple/dark background typical of TF03 combiner team cards. Part of the confirmed TF03 SSR subset of 16 combiner team cards.,/mnt/d/dev/p/trading_card_games/kayou_transformers/TF03/cards/reddit_1liz6an_06.jpg,reddit_1liz6an_06.jpg,TF03,FALSE,NA
TRUE,TF03,SSR,Motormaster,012,high,G1 cartoon art style with Chinese text. Clear SSR rarity marking visible on card face. Card number 012 visible. Motormaster is part of the Stunticon combiner team. Matches TF03 series aesthetic and rarity system.,/mnt/d/dev/p/trading_card_games/kayou_transformers/TF03/cards/reddit_1liz6an_07.jpg,reddit_1liz6an_07.jpg,TF03,FALSE,NA
TRUE,TF03,HR,Devastator,HR-015,high,G1 cartoon art style showing Devastator (Constructicons combiner). Card number HR-015 clearly visible in bottom left. Chinese text present. Matches TF03 Series 3 visual characteristics with HR rarity code printed on card.,/mnt/d/dev/p/trading_card_games/kayou_transformers/TF03/cards/reddit_1liz6an_08.jpg,reddit_1liz6an_08.jpg,TF03,FALSE,NA
TRUE,TF03,R,Optimus Prime,029,high,"G1 cartoon art style, Chinese text, visible R rarity code on card face with 'R-029' numbering format, characteristic of TF01-TF03 series",/mnt/d/dev/p/trading_card_games/kayou_transformers/TF03/cards/reddit_1liz6an_09.jpg,reddit_1liz6an_09.jpg,TF03,FALSE,NA
FALSE,UNKNOWN,NA,NA,NA,high,"This is a product photo of a Transformers action figure toy, not a trading card. Shows Devastator/a construction vehicle combiner with green and purple coloring in robot mode.",/mnt/d/dev/p/trading_card_games/kayou_transformers/TF03/cards/reddit_1liz6an_10.jpg,reddit_1liz6an_10.jpg,TF03,FALSE,NA
TRUE,TF03,SSR,Menasor,SSR-011,high,G1 cartoon art style combiner card. SSR rarity clearly visible on card face. Card number SSR-011 printed at bottom. Chinese text present. Part of Stunticons combiner team. Distinctive TF03 SSR combiner card design.,/mnt/d/dev/p/trading_card_games/kayou_transformers/TF03/cards/reddit_1liz6an_11.jpg,reddit_1liz6an_11.jpg,TF03,FALSE,NA
FALSE,UNKNOWN,NA,Scavenger,NA,high,"This is a Hasbro Transformers Studio Series toy box (Constructicon Scavenger), not a Kayou trading card",/mnt/d/dev/p/trading_card_games/kayou_transformers/TF03/cards/reddit_1liz6an_12.jpg,reddit_1liz6an_12.jpg,TF03,FALSE,NA
TRUE,TF03,SSR,Superion,013,high,"G1 cartoon style art of Superion (Aerialbot combiner), Chinese text visible, SSR rarity code clearly printed on card face, card number 013 visible, matches TF03 SSR combiner team pattern",/mnt/d/dev/p/trading_card_games/kayou_transformers/TF03/cards/reddit_1liz6an_13.jpg,reddit_1liz6an_13.jpg,TF03,FALSE,NA
TRUE,TF03,HR,Optimus Prime,HR-009,high,G1 cartoon art style card with Chinese text. Card shows Optimus Prime in classic G1 design. Clear HR rarity marking visible on card. Card number HR-009 clearly printed. Consistent with TF03 series design and rarity system.,/mnt/d/dev/p/trading_card_games/kayou_transformers/TF03/cards/reddit_1liz6an_14.jpg,reddit_1liz6an_14.jpg,TF03,FALSE,NA
TRUE,TF03,HR,Megatron,017,high,G1 cartoon art style card with Chinese text. Clear HR rarity code visible in bottom right corner. Card number 017 visible. Purple/pink holographic background typical of HR (立体阵营卡) rarity in TF01-TF03 sets. Features Megatron in classic G1 Decepticon leader design.,/mnt/d/dev/p/trading_card_games/kayou_transformers/TF03/cards/reddit_1liz6an_15.jpg,reddit_1liz6an_15.jpg,TF03,FALSE,NA
TRUE,TF03,SSR,Piranacon,SSR-016,high,G1 cartoon-style combiner team card with Chinese text. Clear SSR rarity marking and SSR-016 card number visible. Shows Piranacon (Seacons combiner) with team members in bottom panel.,/mnt/d/dev/p/trading_card_games/kayou_transformers/TF03/cards/reddit_1liz6an_16.jpg,reddit_1liz6an_16.jpg,TF03,FALSE,NA
FALSE,UNKNOWN,NA,NA,NA,high,"This is the back of a Transformers toy package showing Thundercracker figure, not a trading card",/mnt/d/dev/p/trading_card_games/kayou_transformers/TF03/cards/reddit_1liz6an_17.jpg,reddit_1liz6an_17.jpg,TF03,FALSE,NA
TRUE,TF03,HR,Shockwave,HR-012,high,"G1 cartoon art style, Chinese text visible, HR rarity code clearly printed on card face with card number HR-012",/mnt/d/dev/p/trading_card_games/kayou_transformers/TF03/cards/reddit_1liz6an_18.jpg,reddit_1liz6an_18.jpg,TF03,FALSE,NA
FALSE,UNKNOWN,NA,NA,NA,high,"This is a product photo of a Transformers toy (Megatron tank mode), not a trading card",/mnt/d/dev/p/trading_card_games/kayou_transformers/TF03/cards/reddit_1liz6an_19.png,reddit_1liz6an_19.png,TF03,FALSE,NA
FALSE,UNKNOWN,NA,NA,NA,high,"This is a Hasbro product package/thumbnail showing a Transformers toy (appears to be Megatron), not a Kayou trading card",/mnt/d/dev/p/trading_card_games/kayou_transformers/TF03/cards/reddit_1liz6an_20.png,reddit_1liz6an_20.png,TF03,FALSE,NA
FALSE,UNKNOWN,NA,NA,NA,high,"This is a product box/package image showing a Hasbro Transformers toy (Megatron), not a Kayou trading card",/mnt/d/dev/p/trading_card_games/kayou_transformers/TF03/cards/reddit_1liz6an_21.png,reddit_1liz6an_21.png,TF03,FALSE,NA
FALSE,UNKNOWN,NA,NA,NA,high,"Not a single card front - appears to be a horizontal panoramic image showing multiple Transformers characters in animated style, likely a Scene Landscape card or promotional artwork rather than a standard card front",/mnt/d/dev/p/trading_card_games/kayou_transformers/TFO01/cards/reddit_1lmlxsi_01.jpeg,reddit_1lmlxsi_01.jpeg,TFO01,FALSE,NA
TRUE,TFO01,HR,Megatronus,021,high,TFO01 set confirmed - Transformers One movie art style with purple/dark aesthetic. Card shows Megatronus (The Fallen) with distinctive movie animation style. Rarity code 'HR' visible on card face. Card number '021' visible. Part of The Primes subset given character identity.,/mnt/d/dev/p/trading_card_games/kayou_transformers/TFO01/cards/reddit_1lmlxsi_02.jpeg,reddit_1lmlxsi_02.jpeg,TFO01,FALSE,NA
FALSE,UNKNOWN,NA,NA,NA,high,"Not a trading card - this appears to be a screenshot or meme from Transformers animated content showing two panels with subtitles. Shows purple/blue character with dialogue 'First we crack the shell, Then we crack the nuts inside!'",/mnt/d/dev/p/trading_card_games/kayou_transformers/TFO01/cards/reddit_1losbu2_01.jpeg,reddit_1losbu2_01.jpeg,TFO01,FALSE,NA
TRUE,TFO01,SR,Elita-1,034,high,TFO01 SR card featuring Elita-1 in Transformers One movie art style. Card number 034 clearly visible. Pink/magenta color scheme characteristic of Elita-1. SR rarity code printed on card face.,/mnt/d/dev/p/trading_card_games/kayou_transformers/TFO01/cards/reddit_1losbu2_02.jpeg,reddit_1losbu2_02.jpeg,TFO01,FALSE,NA
FALSE,UNKNOWN,NA,NA,NA,high,"Image shows two DVD cases for Transformers (变形金刚) media, not trading cards. These are product packaging, not individual card fronts.",/mnt/d/dev/p/trading_card_games/kayou_transformers/TFH01/cards/reddit_1lqmwwh_01.jpg,reddit_1lqmwwh_01.jpg,TFH01,FALSE,NA
FALSE,UNKNOWN,NA,NA,NA,high,"Image shows Transformers Headmasters DVD box sets and Optimus Prime figure, not a trading card",/mnt/d/dev/p/trading_card_games/kayou_transformers/TFH01/cards/reddit_1lqmwwh_02.jpg,reddit_1lqmwwh_02.jpg,TFH01,FALSE,NA
FALSE,TFH01,NA,NA,NA,high,Product packaging showing two DVD/booklet boxes for TFH01 Headmasters series - not individual card fronts,/mnt/d/dev/p/trading_card_games/kayou_transformers/TFH01/cards/reddit_1lqmwwh_03.jpg,reddit_1lqmwwh_03.jpg,TFH01,FALSE,NA
FALSE,UNKNOWN,NA,NA,NA,high,"Image shows a Headmasters DVD box set with multiple discs, not a trading card",/mnt/d/dev/p/trading_card_games/kayou_transformers/TFH01/cards/reddit_1lqmwwh_04.jpg,reddit_1lqmwwh_04.jpg,TFH01,FALSE,NA
FALSE,UNKNOWN,NA,NA,NA,high,"This is the back cover of a product box or booklet showing a numbered checklist and ISBN barcode, not a trading card front",/mnt/d/dev/p/trading_card_games/kayou_transformers/TFH01/cards/reddit_1lqmwwh_05.jpg,reddit_1lqmwwh_05.jpg,TFH01,FALSE,NA
FALSE,UNKNOWN,NA,NA,NA,high,"DVD packaging/box for Transformers Headmasters (头领战士), not a trading card",/mnt/d/dev/p/trading_card_games/kayou_transformers/TFH01/cards/reddit_1lqmwwh_06.jpg,reddit_1lqmwwh_06.jpg,TFH01,FALSE,NA
FALSE,UNKNOWN,NA,NA,NA,high,"Image shows a CGI screenshot of Astrotrain (locomotive Transformer) from what appears to be a movie or animation scene, not a trading card. This is a still frame or promotional image, not a physical card photograph.",/mnt/d/dev/p/trading_card_games/kayou_transformers/TF40Y/cards/reddit_1lssjpr_01.jpg,reddit_1lssjpr_01.jpg,TF40Y,FALSE,NA
FALSE,UNKNOWN,NA,NA,NA,high,"Not a trading card - this appears to be a comparison illustration or reference sheet showing two character designs side by side. No rarity code, card borders, or card formatting visible. The text 'ners Hearts of Steel' and 'Optimus Prime' appear to be labels for reference art rather than card text.",/mnt/d/dev/p/trading_card_games/kayou_transformers/TF40Y/cards/reddit_1lssjpr_02.jpg,reddit_1lssjpr_02.jpg,TF40Y,FALSE,NA
TRUE,TF40Y,SSR,Ultra Magnus,SSR-006,high,G1 cartoon art style with Chinese text. Card number SSR-006 clearly visible in bottom left. Character name shows Ultra Magnus (通天晓) in both English and Chinese. Distinctive TF40Y design with gold SSR rarity indicator.,/mnt/d/dev/p/trading_card_games/kayou_transformers/TF40Y/cards/reddit_1lssjpr_03.jpg,reddit_1lssjpr_03.jpg,TF40Y,FALSE,NA
FALSE,UNKNOWN,NA,NA,NA,high,"This image appears to be a meme or collage of movie/real-life photos (person with hat, holding weapon, handling cotton candy) - not a Kayou Transformers trading card",/mnt/d/dev/p/trading_card_games/kayou_transformers/TF40Y/cards/reddit_1lssjpr_04.jpg,reddit_1lssjpr_04.jpg,TF40Y,FALSE,NA
FALSE,UNKNOWN,NA,Megatron,NA,high,"This is product packaging/box art for a Megatron toy, not a trading card. Shows toy photos and multilingual product information.",/mnt/d/dev/p/trading_card_games/kayou_transformers/TF03/cards/reddit_1lt6l50_01.jpeg,reddit_1lt6l50_01.jpeg,TF03,FALSE,NA
FALSE,UNKNOWN,NA,Megatron,NA,high,"This is a Hasbro product box/packaging for a Megatron toy, not a Kayou trading card. Shows toy photography and product information.",/mnt/d/dev/p/trading_card_games/kayou_transformers/TF03/cards/reddit_1lt6l50_02.jpeg,reddit_1lt6l50_02.jpeg,TF03,FALSE,NA
FALSE,UNKNOWN,NA,NA,NA,high,"This is a screenshot of a news article/website about SDCC plans from Skybound, not a trading card image",/mnt/d/dev/p/trading_card_games/kayou_transformers/TF03/cards/reddit_1m0fuck_01.png,reddit_1m0fuck_01.png,TF03,FALSE,NA
FALSE,UNKNOWN,NA,NA,NA,high,"This is not a trading card image. It appears to be a schedule or program listing for San Diego Comic-Con events, including panels featuring Robert Kirkman. Not a Kayou Transformers card.",/mnt/d/dev/p/trading_card_games/kayou_transformers/TF03/cards/reddit_1m0fuck_02.png,reddit_1m0fuck_02.png,TF03,FALSE,NA
FALSE,UNKNOWN,NA,NA,NA,high,Not a card image - this is a screenshot of a Comic-Con 2025 panel schedule/announcement for Hasbro Transformers,/mnt/d/dev/p/trading_card_games/kayou_transformers/TF03/cards/reddit_1m0fuck_03.png,reddit_1m0fuck_03.png,TF03,FALSE,NA
TRUE,TF40Y,SCR,UNKNOWN,NA,high,"Hand-drawn sketch card exclusive, marked as '40TH ANNIVERSARY TRADING CARD SET', signed by sketch artist, labeled as 'rare and exclusive hand-drawn sketch card'. This matches TF40Y SCR (Sketch Card Rare) rarity tier.",/mnt/d/dev/p/trading_card_games/kayou_transformers/TF40Y/cards/reddit_1ma1dv4_01.jpeg,reddit_1ma1dv4_01.jpeg,TF40Y,FALSE,NA
TRUE,TF40Y,SCR,Unknown,NA,high,40th Anniversary exclusive hand-drawn sketch card signed by artist - SCR (Sketch Card Rare) from TF40Y set. Text reads 'CONGRATULATIONS! This is a rare and exclusive hand-drawn sketch card. THIS CARD IS SIGNED BY SKETCH ARTIST: TRANSFORMER COMMISSIONS AVAILABLE',/mnt/d/dev/p/trading_card_games/kayou_transformers/TF40Y/cards/reddit_1ma1dv4_02.jpeg,reddit_1ma1dv4_02.jpeg,TF40Y,FALSE,NA
TRUE,TFH01,SSR,Optimus Prime,001,high,Headmasters set card showing Optimus Prime with Ginrai. Clear SSR rarity marking visible. Card number 001 visible in corner. Headmasters anime art style with Chinese text. Shows both robot and powered-up mode artwork typical of TFH01 SSR cards.,/mnt/d/dev/p/trading_card_games/kayou_transformers/TFH01/cards/reddit_1mlg7kv_01.png,reddit_1mlg7kv_01.png,TFH01,FALSE,NA
TRUE,TFH01,SL,Unknown,NA,high,"Headmasters set Scene Landscape card - horizontal format showing G1 Headmasters characters (Chromedome, Hardhead, Brainstorm, Highbrow visible) in a group scene. SL rarity visible in bottom left corner. Characteristic TFH01 anime art style with horizontal orientation unique to this rarity.",/mnt/d/dev/p/trading_card_games/kayou_transformers/TFH01/cards/reddit_1mlg7kv_02.png,reddit_1mlg7kv_02.png,TFH01,FALSE,NA
FALSE,UNKNOWN,NA,NA,NA,high,"This is a movie poster for 'The Transformers: The Movie' (1986), not a trading card. Shows multiple characters including Hot Rod, Galvatron, and other Transformers with title text at bottom.",/mnt/d/dev/p/trading_card_games/kayou_transformers/TF40Y/cards/reddit_1mnettx_01.jpeg,reddit_1mnettx_01.jpeg,TF40Y,FALSE,NA
FALSE,UNKNOWN,NA,NA,NA,high,"This is a photo of the Transformers: The Movie 30th Anniversary Special Edition DVD/Blu-ray cover, not a trading card",/mnt/d/dev/p/trading_card_games/kayou_transformers/TF40Y/cards/reddit_1mt6ekj_01.jpg,reddit_1mt6ekj_01.jpg,TF40Y,FALSE,NA
TRUE,TF40Y,SL,Crystal City,NA,medium,"Horizontal landscape card showing Crystal City location. Art style matches TFH01 SL (Scene Landscape) cards rather than TF40Y. However, file path indicates TF40Y set. No visible rarity code or card number on face. Could be misclassified or a special landscape card in TF40Y.",/mnt/d/dev/p/trading_card_games/kayou_transformers/TF40Y/cards/reddit_1mt6ekj_02.jpg,reddit_1mt6ekj_02.jpg,TF40Y,FALSE,NA
TRUE,TF40Y,SSR,Optimus Primal,015,high,Beast Wars Optimus Primal art with SSR rarity marking visible on card. 40th Anniversary set confirmed by art style and design. Card number 015 visible in corner.,/mnt/d/dev/p/trading_card_games/kayou_transformers/TF40Y/cards/reddit_1mt6ekj_03.jpg,reddit_1mt6ekj_03.jpg,TF40Y,FALSE,NA
FALSE,UNKNOWN,NA,NA,NA,high,"This is a reference chart/table showing Autobots and Decepticons character lists, not a trading card. It appears to be a booklet page or character index with numbered annotations indicating which characters were killed in battle.",/mnt/d/dev/p/trading_card_games/kayou_transformers/TF40Y/cards/reddit_1mt6ekj_04.jpg,reddit_1mt6ekj_04.jpg,TF40Y,FALSE,NA
TRUE,TFEU01,NA,NA,NA,high,"Modern Western comic art style with English text bubbles visible in upper corners. Bold colors with comic panel aesthetic characteristic of TFEU01 Energon Universe set. Shows battle scene with multiple Transformers. No visible rarity code or card number in this image, but art style definitively matches TFEU01.",/mnt/d/dev/p/trading_card_games/kayou_transformers/TF40Y/cards/reddit_1mt6ekj_05.jpg,reddit_1mt6ekj_05.jpg,TF40Y,TRUE,TFEU01
FALSE,UNKNOWN,NA,Hound,NA,high,"This is a cropped character artwork/sprite of Hound in G1 cartoon style, not a full trading card image. No card frame, rarity code, or card number visible. Just the character artwork itself.",/mnt/d/dev/p/trading_card_games/kayou_transformers/TF40Y/cards/reddit_1mt6ekj_06.jpg,reddit_1mt6ekj_06.jpg,TF40Y,FALSE,NA
FALSE,UNKNOWN,NA,NA,NA,high,"Image shows a physical Transformers toy figure (appears to be Sideswipe or similar character), not a trading card",/mnt/d/dev/p/trading_card_games/kayou_transformers/TF03/cards/reddit_1nbp9p7_01.jpg,reddit_1nbp9p7_01.jpg,TF03,FALSE,NA
FALSE,UNKNOWN,NA,NA,NA,high,"Image shows a Transformers action figure/toy in robot mode against pink background, not a trading card",/mnt/d/dev/p/trading_card_games/kayou_transformers/TF03/cards/reddit_1nbp9p7_02.jpg,reddit_1nbp9p7_02.jpg,TF03,FALSE,NA
FALSE,UNKNOWN,NA,NA,NA,high,"This is a photo of a physical Transformers toy/figure (appears to be Perceptor with red weapon/scope), not a trading card image",/mnt/d/dev/p/trading_card_games/kayou_transformers/TF03/cards/reddit_1nbp9p7_03.jpg,reddit_1nbp9p7_03.jpg,TF03,FALSE,NA
FALSE,UNKNOWN,NA,NA,NA,high,"This is a photo of a physical Transformers toy figure, not a trading card. Shows a red and blue robot with weapons against a pink background.",/mnt/d/dev/p/trading_card_games/kayou_transformers/TF03/cards/reddit_1nbp9p7_04.jpg,reddit_1nbp9p7_04.jpg,TF03,FALSE,NA
FALSE,UNKNOWN,NA,NA,NA,high,"This is a photograph of a physical Transformers toy/action figure (appears to be a combiner limb or part of a larger figure) against a pink background, not a trading card image",/mnt/d/dev/p/trading_card_games/kayou_transformers/TF03/cards/reddit_1nbp9p7_05.jpg,reddit_1nbp9p7_05.jpg,TF03,FALSE,NA
TRUE,TF03,SR,Rodimus Prime,006,high,"G1 cartoon art style, Chinese text, SR rarity visible on card, card number SR-006 format typical of TF01-TF03 series",/mnt/d/dev/p/trading_card_games/kayou_transformers/TF03/cards/reddit_1nbp9p7_06.jpg,reddit_1nbp9p7_06.jpg,TF03,FALSE,NA
FALSE,UNKNOWN,NA,NA,NA,high,"This is a photograph of a Transformers action figure toy (appears to be Perceptor), not a trading card.",/mnt/d/dev/p/trading_card_games/kayou_transformers/TF03/cards/reddit_1nbp9p7_07.jpg,reddit_1nbp9p7_07.jpg,TF03,FALSE,NA
FALSE,UNKNOWN,NA,NA,NA,high,"This is a photograph of a Transformers toy/figure (appears to be Perceptor in microscope mode), not a trading card",/mnt/d/dev/p/trading_card_games/kayou_transformers/TF03/cards/reddit_1nbp9p7_08.jpg,reddit_1nbp9p7_08.jpg,TF03,FALSE,NA
FALSE,UNKNOWN,NA,NA,NA,high,"Image shows physical Transformers action figures/toys on pink background, not a trading card",/mnt/d/dev/p/trading_card_games/kayou_transformers/TF03/cards/reddit_1nbp9p7_09.jpg,reddit_1nbp9p7_09.jpg,TF03,FALSE,NA
TRUE,TF03,SR,Optimus Prime,SR-005,high,"G1 cartoon art style, Chinese text, visible rarity code 'SR' printed on card face, card number 'SR-005' visible on bottom left. Red/blue color scheme typical of Optimus Prime. Clear TF03 Series 3 design.",/mnt/d/dev/p/trading_card_games/kayou_transformers/TF03/cards/reddit_1nbp9p7_10.jpg,reddit_1nbp9p7_10.jpg,TF03,FALSE,NA
FALSE,UNKNOWN,NA,NA,NA,high,"Image shows physical Transformers toys/figures (red cannons/weapon accessories) on pink background, not a trading card",/mnt/d/dev/p/trading_card_games/kayou_transformers/TF03/cards/reddit_1nbp9p7_11.jpg,reddit_1nbp9p7_11.jpg,TF03,FALSE,NA
FALSE,UNKNOWN,NA,NA,NA,high,"Image shows Transformers toys/figures (appears to be Perceptor figures in base mode) on pink background, not a trading card",/mnt/d/dev/p/trading_card_games/kayou_transformers/TF03/cards/reddit_1nbp9p7_12.jpg,reddit_1nbp9p7_12.jpg,TF03,FALSE,NA
FALSE,UNKNOWN,NA,NA,NA,high,"This is a photograph of a Transformers toy figure (appears to be Perceptor or similar character), not a trading card",/mnt/d/dev/p/trading_card_games/kayou_transformers/TF03/cards/reddit_1nbp9p7_13.jpg,reddit_1nbp9p7_13.jpg,TF03,FALSE,NA
TRUE,TF03,HR,Optimus Prime,017,high,"G1 cartoon art style with Chinese text, rarity code 'HR' clearly visible in bottom left, card number '017' visible in top right corner, typical TF01-TF03 design aesthetic",/mnt/d/dev/p/trading_card_games/kayou_transformers/TF03/cards/reddit_1nbp9p7_14.jpg,reddit_1nbp9p7_14.jpg,TF03,FALSE,NA
TRUE,TF03,SSR,Menasor,SSR-011,high,"G1 cartoon art style combiner card (Menasor from Stunticons), Chinese text visible, clear SSR rarity marking and card number SSR-011 on card face. Purple/magenta color scheme typical of TF03 SSR combiner team cards.",/mnt/d/dev/p/trading_card_games/kayou_transformers/TF03/cards/reddit_1nbp9p7_15.jpg,reddit_1nbp9p7_15.jpg,TF03,FALSE,NA
FALSE,UNKNOWN,NA,NA,NA,high,"This is a photograph of Transformers toy figures/minifigures on a pink background, not a trading card",/mnt/d/dev/p/trading_card_games/kayou_transformers/TF03/cards/reddit_1nbp9p7_16.jpg,reddit_1nbp9p7_16.jpg,TF03,FALSE,NA
FALSE,UNKNOWN,NA,NA,NA,high,"Image shows physical Transformers toys/figures, not trading cards. Four small figures displayed on a clear stand against purple background.",/mnt/d/dev/p/trading_card_games/kayou_transformers/TF03/cards/reddit_1nbp9p7_17.jpg,reddit_1nbp9p7_17.jpg,TF03,FALSE,NA
FALSE,UNKNOWN,NA,NA,NA,high,Image shows physical Transformers toy figures (appears to be cassette tape mode characters like Laserbeak/Buzzsaw) on display stands against pink background. This is not a trading card image.,/mnt/d/dev/p/trading_card_games/kayou_transformers/TF03/cards/reddit_1nbp9p7_18.jpg,reddit_1nbp9p7_18.jpg,TF03,FALSE,NA
FALSE,UNKNOWN,NA,NA,NA,high,"Image shows two Transformers toy figures on a purple background, not a trading card",/mnt/d/dev/p/trading_card_games/kayou_transformers/TF03/cards/reddit_1nbp9p7_19.jpg,reddit_1nbp9p7_19.jpg,TF03,FALSE,NA
FALSE,UNKNOWN,NA,Perceptor,NA,high,"This is a Transformers Studio Series toy package for Perceptor, not a trading card",/mnt/d/dev/p/trading_card_games/kayou_transformers/TF03/cards/reddit_1nbp9p7_20.jpg,reddit_1nbp9p7_20.jpg,TF03,FALSE,NA
TRUE,TFEU01,SR,Optimus Prime,035,high,"TFEU01 Energon Universe set, modern Western comic art style with English text. Card shows Optimus Prime in red/blue colors with dynamic comic panel aesthetic. SR rarity code visible on card face. Card number 035/254 visible. Distinctive Energon Universe design with bold colors and IDW/Skybound comic styling.",/mnt/d/dev/p/trading_card_games/kayou_transformers/TFEU01/cards/reddit_1nde2d8_01.jpeg,reddit_1nde2d8_01.jpeg,TFEU01,FALSE,NA
TRUE,TFEU01,NA,Cliffjumper,NA,high,TFEU01 Energon Universe card with Western comic art style (IDW/Skybound). Shows Cliffjumper in red/black color scheme standing over defeated Decepticons. English text at top with creator names 'DANIEL WARREN JOHNSON JORGE CORONA MIKE SPICER'. Distinctive modern comic book aesthetic matching TFEU01 set characteristics. No visible rarity code or card number on this scan.,/mnt/d/dev/p/trading_card_games/kayou_transformers/TFEU01/cards/reddit_1nde2d8_02.jpeg,reddit_1nde2d8_02.jpeg,TFEU01,FALSE,NA
FALSE,UNKNOWN,NA,Lugnut,NA,high,"Not a trading card - this is a character reference sheet or profile image showing Lugnut in both vehicle and robot mode with simple cartoon line art on purple background. No card border, rarity markers, or card formatting visible.",/mnt/d/dev/p/trading_card_games/kayou_transformers/TFH01/cards/reddit_1njrw6q_01.jpg,reddit_1njrw6q_01.jpg,TFH01,FALSE,NA
TRUE,TFH01,SL,Shatter,NA,high,"Horizontal landscape card showing Shatter in three modes (jet, vehicle, robot), characteristic of TFH01 SL (Scene Landscape) rarity. Purple background with Headmasters anime art style.",/mnt/d/dev/p/trading_card_games/kayou_transformers/TFH01/cards/reddit_1njrw6q_02.jpg,reddit_1njrw6q_02.jpg,TFH01,FALSE,NA
TRUE,TFH01,SSR,Chromedome,004,high,"TFH01 Headmasters set, SSR rarity visible on card face, card number 004, Headmasters anime art style with Chinese text",/mnt/d/dev/p/trading_card_games/kayou_transformers/TFH01/cards/reddit_1njrw6q_03.jpg,reddit_1njrw6q_03.jpg,TFH01,FALSE,NA
FALSE,UNKNOWN,NA,Counterpunch,NA,high,"This appears to be a stylized character profile/reference image with pink background showing Counterpunch in vehicle and robot modes. Not a physical trading card - lacks typical card border, rarity markings, card number, or trading card formatting. Likely a digital asset or promotional material.",/mnt/d/dev/p/trading_card_games/kayou_transformers/TFH01/cards/reddit_1njrw6q_04.jpg,reddit_1njrw6q_04.jpg,TFH01,FALSE,NA
TRUE,TFH01,NA,Squeezeplay,NA,high,"Headmasters style card showing Squeezeplay in both modes with simplified block-style art, purple/blue color scheme, English text 'Squeezeplay' at top",/mnt/d/dev/p/trading_card_games/kayou_transformers/TFH01/cards/reddit_1njrw6q_05.jpg,reddit_1njrw6q_05.jpg,TFH01,FALSE,NA
FALSE,UNKNOWN,NA,Locos,NA,high,"This appears to be a simplified chibi/SD style illustration of a character labeled 'Locos' on a pink/purple background. Not a trading card - no visible rarity markings, card number, or trading card design elements. This looks like it could be from a booklet, promo material, or character guide rather than an actual card front.",/mnt/d/dev/p/trading_card_games/kayou_transformers/TFH01/cards/reddit_1njrw6q_06.jpg,reddit_1njrw6q_06.jpg,TFH01,FALSE,NA
TRUE,TFO01,TP,Megatronus,TP-013,high,The Primes subset card from Transformers One set. Card shows dark purple/black armored character with distinctive Fallen-like design. Visible TP rarity marker and TP-013 card number. Art style matches TFO01 movie aesthetic with English text 'MEGATRONUS' visible.,/mnt/d/dev/p/trading_card_games/kayou_transformers/TFO01/cards/reddit_1nm1hfs_01.jpg,reddit_1nm1hfs_01.jpg,TFO01,FALSE,NA
TRUE,TFO01,SSR,D-16,SSR-001,high,"TFO01 Transformers One card showing D-16 in silver/gray color scheme. Card has Chinese text, SSR rarity clearly visible in corner with card number SSR-001. Art style matches 2024 Transformers One animated film aesthetic.",/mnt/d/dev/p/trading_card_games/kayou_transformers/TFO01/cards/reddit_1nm1hfs_02.jpg,reddit_1nm1hfs_02.jpg,TFO01,FALSE,NA
FALSE,UNKNOWN,NA,NA,NA,high,"Image shows only a cropped portion of what appears to be anime/cartoon screenshot with transformers characters, but no visible card border, rarity code, card number, or other card-specific elements. This is not a card image, likely just a scene capture or detail crop.",/mnt/d/dev/p/trading_card_games/kayou_transformers/TFH01/cards/reddit_1nqksg4_01.png,reddit_1nqksg4_01.png,TFH01,FALSE,NA
FALSE,UNKNOWN,NA,NA,NA,high,"Not a card - this is a screenshot from Headmasters anime showing two characters in battle scene. No card border, rarity code, or card elements visible.",/mnt/d/dev/p/trading_card_games/kayou_transformers/TFH01/cards/reddit_1nqksg4_02.png,reddit_1nqksg4_02.png,TFH01,FALSE,NA
FALSE,UNKNOWN,NA,NA,NA,high,"This is a Transformers 2007 movie poster, not a trading card. Shows Earth from space with Cybertronian eye above it, tagline 'THEIR WAR. OUR WORLD.' and movie logo.",/mnt/d/dev/p/trading_card_games/kayou_transformers/TF03/cards/reddit_1nyewd6_01.jpeg,reddit_1nyewd6_01.jpeg,TF03,FALSE,NA
FALSE,UNKNOWN,NA,NA,NA,high,"This is a Transformers 2007 movie poster, not a trading card. Shows Earth with a mechanical eye above and the text 'THEIR WAR. OUR WORLD.' and 'TRANSFORMERS 2007'.",/mnt/d/dev/p/trading_card_games/kayou_transformers/TF03/cards/reddit_1nyewd6_02.jpeg,reddit_1nyewd6_02.jpeg,TF03,FALSE,NA
FALSE,UNKNOWN,NA,NA,NA,high,"Not a single card - this is promotional artwork/poster showing The Transformers logo with Optimus Prime and Megatron. No rarity code, card number, or typical Kayou card layout visible.",/mnt/d/dev/p/trading_card_games/kayou_transformers/TFO01/cards/reddit_1o33af8_01.jpeg,reddit_1o33af8_01.jpeg,TFO01,FALSE,NA
TRUE,TFO01,SSR,Megatronus,004,high,TFO01 SSR card showing Megatronus (The Fallen) from Transformers One movie. Card number 004 visible in bottom left corner. SSR rarity clearly marked. Distinctive TFO01 movie art style with purple/red color scheme.,/mnt/d/dev/p/trading_card_games/kayou_transformers/TFO01/cards/reddit_1o33af8_02.jpeg,reddit_1o33af8_02.jpeg,TFO01,FALSE,NA
TRUE,TFH01,SL,Fortress Maximus,NA,high,"Horizontal landscape card showing two anime-style scene panels from Headmasters series. Distinctive SL (Scene Landscape) rarity format unique to TFH01. Top panel shows Fortress Maximus head/city mode, bottom panel shows character in robot form. Classic Headmasters anime art style.",/mnt/d/dev/p/trading_card_games/kayou_transformers/TFH01/cards/reddit_1o6ivgd_01.jpeg,reddit_1o6ivgd_01.jpeg,TFH01,FALSE,NA
TRUE,TFH01,SL,Fortress Maximus,NA,high,TFH01 SL (Scene Landscape) horizontal card showing Headmasters anime scene with Fortress Maximus in city mode and robot mode. Distinctive horizontal split-panel layout characteristic of SL rarity cards from Headmasters set.,/mnt/d/dev/p/trading_card_games/kayou_transformers/TFH01/cards/reddit_1o6ivgd_02.jpeg,reddit_1o6ivgd_02.jpeg,TFH01,FALSE,NA
FALSE,UNKNOWN,NA,NA,NA,high,"This is a product listing screenshot showing Transformers action figures/toys, not trading cards. Shows three different Transformers toys with prices and 'In Stock' labels.",/mnt/d/dev/p/trading_card_games/kayou_transformers/TF03/cards/reddit_1o7cyey_01.png,reddit_1o7cyey_01.png,TF03,FALSE,NA
FALSE,UNKNOWN,NA,NA,NA,high,"This is a product listing screenshot showing Transformers toys (Mixmaster, Starscream, Thundercracker), not trading cards",/mnt/d/dev/p/trading_card_games/kayou_transformers/TF03/cards/reddit_1o7cyey_02.png,reddit_1o7cyey_02.png,TF03,FALSE,NA
TRUE,TFEU01,SR,Hound,25,high,"Modern Western comic art style with English text. Yellow banner shows 'Image #25' and 'SR 25/36'. Green military-style Autobot with Autobot insignia on chest. Distinctive Energon Universe aesthetic matching IDW/Skybound comic style with creators listed at top (Robert Kirkman, Dan Mora, Jorge Corona, Mike Spicer). Red and white striped background element typical of TFEU01 design.",/mnt/d/dev/p/trading_card_games/kayou_transformers/TFEU01/cards/reddit_1obs339_01.jpg,reddit_1obs339_01.jpg,TFEU01,FALSE,NA
TRUE,TFEU01,AR,Bulkhead,NA,high,Modern Western cartoon/comic art style characteristic of TFEU01 Energon Universe set. Green Autobot Bulkhead with Autobot insignia on chest. Stylized character design with bold colors and simplified anatomy typical of IDW/Skybound comic aesthetic. AR (Portrait card) rarity tier matches TFEU01 system.,/mnt/d/dev/p/trading_card_games/kayou_transformers/TFEU01/cards/reddit_1obs339_02.jpg,reddit_1obs339_02.jpg,TFEU01,FALSE,NA
TRUE,TFEU01,SR,Starscream,NA,high,TFEU01 Energon Universe card with modern Western comic art style. Shows Starscream in Skybound IDW comic aesthetic with English text 'STARSCREAM' at bottom. Red/orange color scheme with dynamic action pose. SR rarity visible on card face. Distinctive Energon Universe design with comic panel layout and bold colors.,/mnt/d/dev/p/trading_card_games/kayou_transformers/TFEU01/cards/reddit_1obs339_03.jpg,reddit_1obs339_03.jpg,TFEU01,FALSE,NA
TRUE,TF40Y,XR,Optimus Prime,NA,high,Card in protective case with price sticker. Classic G1 Optimus Prime with red/blue color scheme and silver holographic/prismatic finish characteristic of XR rarity cards from 40th Anniversary set. Top of card shows golden Kayou branding. Cannot read specific card number due to glare and case reflection.,/mnt/d/dev/p/trading_card_games/kayou_transformers/TF40Y/cards/reddit_1oc6fuc_01.jpg,reddit_1oc6fuc_01.jpg,TF40Y,FALSE,NA
TRUE,TF40Y,XR,Starscream,NA,high,Card in protective sleeve with price sticker. G1 Starscream in classic Seeker pose with orange/yellow gradient background and holographic foil effect typical of XR rarity from TF40Y 40th Anniversary set. Card shows characteristic high-end foil treatment.,/mnt/d/dev/p/trading_card_games/kayou_transformers/TF40Y/cards/reddit_1oc6fuc_02.jpg,reddit_1oc6fuc_02.jpg,TF40Y,FALSE,NA
TRUE,TF40Y,HR,Megatron,NA,high,G1 Megatron in gun mode with holographic/rainbow foil finish characteristic of TF40Y HR rarity. Card is in protective sleeve with $10.00 price sticker. Classic G1 art style consistent with 40th Anniversary set.,/mnt/d/dev/p/trading_card_games/kayou_transformers/TF40Y/cards/reddit_1oc6fuc_03.jpg,reddit_1oc6fuc_03.jpg,TF40Y,FALSE,NA
TRUE,TF40Y,LGR,Bumblebee,NA,high,TF40Y 40th Anniversary card in protective case. Gold holographic Bumblebee with G1 cartoon style. Rarity code 'LGR' visible on left side along with serial number ending in 100. Card shows characteristic TF40Y design with metallic gold finish.,/mnt/d/dev/p/trading_card_games/kayou_transformers/TF40Y/cards/reddit_1oc6fuc_04.jpg,reddit_1oc6fuc_04.jpg,TF40Y,FALSE,NA
FALSE,TF40Y,NA,NA,NA,high,"Card in protective sleeve/case with label. Not a clear card front view. Label indicates TF40Y 40th Anniversary set, Bumblebee, exclusive silver foil limited edition, but card face not visible for classification.",/mnt/d/dev/p/trading_card_games/kayou_transformers/TF40Y/cards/reddit_1oc6fuc_05.jpg,reddit_1oc6fuc_05.jpg,TF40Y,FALSE,NA
FALSE,TF40Y,NA,Optimus Prime,NA,high,"Card in sealed packaging (plastic case), cannot see full card face. Shows TF40Y 40th Anniversary logo and '1 of 5' numbering. Visible art shows Optimus Prime in robot mode but rarity code not visible due to packaging.",/mnt/d/dev/p/trading_card_games/kayou_transformers/TF40Y/cards/reddit_1oc6fuc_06.jpg,reddit_1oc6fuc_06.jpg,TF40Y,FALSE,NA
FALSE,UNKNOWN,NA,NA,NA,high,"Image shows a sealed Hasbro Dynamite Transformers 40th Anniversary trading card pack still in protective case/sleeve. This is not a Kayou card - it's an official Hasbro product. Visible text shows 'EXCLUSIVE COLLECTIBLE SILVER FOIL LIMITED EDITION TRADING CARD' and features Starscream. Not a single card front, but rather packaged product.",/mnt/d/dev/p/trading_card_games/kayou_transformers/TF40Y/cards/reddit_1oc6fuc_07.jpg,reddit_1oc6fuc_07.jpg,TF40Y,FALSE,NA
FALSE,TF40Y,NA,NA,NA,high,"This is a sealed pack/wrapper for TF40Y 40th Anniversary Trading Cards, not a single card front. Shows 'EXCLUSIVE COLLECTIBLE SILVER FOIL LIMITED EDITION TRADING CARD' with Megatron artwork and '3 OF 5' numbering.",/mnt/d/dev/p/trading_card_games/kayou_transformers/TF40Y/cards/reddit_1oc6fuc_08.jpg,reddit_1oc6fuc_08.jpg,TF40Y,FALSE,NA
FALSE,UNKNOWN,NA,NA,NA,high,"This is a promotional image/thumbnail for a Transformers video or podcast, not a trading card. Contains text 'CONVERSION CONVERSATIONS', 'TRANSFORMERS', 'TOY DISCUSSION AND GIVEAWAY' with figures in background.",/mnt/d/dev/p/trading_card_games/kayou_transformers/TF03/cards/reddit_1oe35o5_01.jpeg,reddit_1oe35o5_01.jpeg,TF03,FALSE,NA
TRUE,TFEU01,UR,Optimus Prime,061,high,"TFEU01 Energon Universe set, Western comic art style with English text. Card shows Optimus Prime in red/blue colors with modern IDW/Skybound comic aesthetic. Rarity UR (Cover Variant/封面变体卡) clearly visible on card face. Card number 061 visible. Distinctive TFEU01 design with comic panel style layout and English character name.",/mnt/d/dev/p/trading_card_games/kayou_transformers/TFEU01/cards/reddit_1oebh5q_01.jpg,reddit_1oebh5q_01.jpg,TFEU01,FALSE,NA
TRUE,TFEU01,SR,Starscream,152,high,"TFEU01 Energon Universe card with modern Western comic art style, English text 'STARSCREAM' visible, card number 152/254 shown, SR rarity code printed on card face, distinctive comic aesthetic with bold colors and IDW/Skybound art style",/mnt/d/dev/p/trading_card_games/kayou_transformers/TFEU01/cards/reddit_1oebh5q_02.jpg,reddit_1oebh5q_02.jpg,TFEU01,FALSE,NA
TRUE,TF03,HR,Starscream,HR-014,high,"TF03 Series 3 card with G1 cartoon art style, Chinese text visible, card number HR-014 clearly printed on card face, holographic HR rarity designation visible",/mnt/d/dev/p/trading_card_games/kayou_transformers/TF03/cards/reddit_1ofh2s6_01.jpeg,reddit_1ofh2s6_01.jpeg,TF03,FALSE,NA
TRUE,TF03,AR,Thundercracker,008,high,"G1 cartoon art style, Chinese text visible, AR rarity code clearly printed on card face, card number 008 visible. Matches TF01-TF03 series aesthetic with G1 Seeker design.",/mnt/d/dev/p/trading_card_games/kayou_transformers/TF03/cards/reddit_1ofh2s6_02.jpeg,reddit_1ofh2s6_02.jpeg,TF03,FALSE,NA
FALSE,UNKNOWN,NA,NA,NA,high,"This is a collage/grid of multiple DVD/media covers showing various Transformers movies, TV shows, and games - not a trading card image",/mnt/d/dev/p/trading_card_games/kayou_transformers/TF03/cards/reddit_1oifvqy_01.jpeg,reddit_1oifvqy_01.jpeg,TF03,FALSE,NA
FALSE,UNKNOWN,NA,NA,NA,high,"This is a collage of various Transformers media covers (video games, DVDs, books) and is not a Kayou trading card image",/mnt/d/dev/p/trading_card_games/kayou_transformers/TF03/cards/reddit_1oifvqy_02.jpeg,reddit_1oifvqy_02.jpeg,TF03,FALSE,NA
FALSE,UNKNOWN,NA,NA,NA,high,"This is a product photo showing Transformers toys (appears to be Optimus Prime toy variants), not a trading card image",/mnt/d/dev/p/trading_card_games/kayou_transformers/TF03/cards/reddit_1ojyd35_01.jpg,reddit_1ojyd35_01.jpg,TF03,FALSE,NA
FALSE,UNKNOWN,NA,NA,NA,high,"This is a Hasbro Transformers Spotlight product box, not a Kayou trading card. Not relevant to classification.",/mnt/d/dev/p/trading_card_games/kayou_transformers/TF03/cards/reddit_1ojyd35_02.jpg,reddit_1ojyd35_02.jpg,TF03,FALSE,NA
FALSE,UNKNOWN,NA,NA,NA,high,"Product photo showing Transformers Spotlight packaging and action figures, not a trading card",/mnt/d/dev/p/trading_card_games/kayou_transformers/TF03/cards/reddit_1ojyd35_03.jpg,reddit_1ojyd35_03.jpg,TF03,FALSE,NA
FALSE,UNKNOWN,NA,NA,NA,high,"Image shows product packaging/display box with multiple cards inside, not a single card front",/mnt/d/dev/p/trading_card_games/kayou_transformers/TF03/cards/reddit_1ojyd35_04.jpg,reddit_1ojyd35_04.jpg,TF03,FALSE,NA
TRUE,TFEU01,UR,Optimus Prime,018,high,"TFEU01 Energon Universe card with modern Western comic art style, English text 'OPTIMUS PRIME' prominently displayed, UR rarity marking visible, card number 018 visible on card face, distinctive comic book aesthetic with bold red/blue colors characteristic of IDW/Skybound Energon Universe style",/mnt/d/dev/p/trading_card_games/kayou_transformers/TFEU01/cards/reddit_1onatdk_01.jpg,reddit_1onatdk_01.jpg,TFEU01,FALSE,NA
FALSE,UNKNOWN,NA,NA,NA,high,Image shows a Transformers action figure (Optimus Prime toy) being held in hand with a card or booklet visible in background. This is not a single card front face.,/mnt/d/dev/p/trading_card_games/kayou_transformers/TFEU01/cards/reddit_1onatdk_02.jpg,reddit_1onatdk_02.jpg,TFEU01,FALSE,NA
FALSE,UNKNOWN,NA,NA,NA,high,"Image shows an open booklet/magazine spread with two pages displaying Transformers artwork, not a single trading card. Left page shows a character in winter/snowy scene, right page shows Optimus Prime with comic panels. This is reference material, not a card.",/mnt/d/dev/p/trading_card_games/kayou_transformers/TFEU01/cards/reddit_1onatdk_03.jpg,reddit_1onatdk_03.jpg,TFEU01,FALSE,NA
TRUE,TFEU01,SR,Optimus Prime,NA,high,TFEU01 SR card showing Optimus Prime in Energon Universe comic art style with English text and modern Western comic aesthetic. Rarity code 'SR' visible on card face.,/mnt/d/dev/p/trading_card_games/kayou_transformers/TFEU01/cards/reddit_1onatdk_04.jpg,reddit_1onatdk_04.jpg,TFEU01,FALSE,NA
FALSE,UNKNOWN,NA,NA,NA,high,"This is a photograph of an Optimus Prime toy/action figure, not a trading card",/mnt/d/dev/p/trading_card_games/kayou_transformers/TFEU01/cards/reddit_1onatdk_05.jpg,reddit_1onatdk_05.jpg,TFEU01,FALSE,NA
FALSE,UNKNOWN,NA,NA,NA,high,"This is a photograph of a physical Transformers toy/action figure (Optimus Prime), not a trading card image",/mnt/d/dev/p/trading_card_games/kayou_transformers/TFEU01/cards/reddit_1onatdk_06.jpg,reddit_1onatdk_06.jpg,TFEU01,FALSE,NA
FALSE,UNKNOWN,NA,NA,NA,high,"This is a photograph of a physical Transformers action figure/toy (Optimus Prime), not a trading card image",/mnt/d/dev/p/trading_card_games/kayou_transformers/TFEU01/cards/reddit_1onatdk_07.jpg,reddit_1onatdk_07.jpg,TFEU01,FALSE,NA
FALSE,UNKNOWN,NA,NA,NA,high,"This is a photograph of an Optimus Prime toy/figure in truck mode, not a trading card",/mnt/d/dev/p/trading_card_games/kayou_transformers/TFEU01/cards/reddit_1onatdk_08.jpg,reddit_1onatdk_08.jpg,TFEU01,FALSE,NA
FALSE,UNKNOWN,NA,NA,NA,high,"This is a photo of a person in front of what appears to be a Transformers poster or promotional artwork, not a trading card. The image shows a collage-style illustration with multiple Transformers characters in modern Western comic art style (consistent with TFEU01/Energon Universe aesthetic), but this is not a card front - it's promotional material or a display with someone posing for a photo.",/mnt/d/dev/p/trading_card_games/kayou_transformers/TFEU01/cards/reddit_1oumrom_01.jpeg,reddit_1oumrom_01.jpeg,TFEU01,FALSE,NA
TRUE,TFH01,SL,Devastator,NA,high,"Horizontal landscape card showing Devastator (green/purple Constructicon combiner) in both robot and vehicle modes. Headmasters anime art style with orange/red background. This is an SL (Scene Landscape) rarity card, which is unique to TFH01 set. Two-panel horizontal composition typical of SL cards.",/mnt/d/dev/p/trading_card_games/kayou_transformers/TFH01/cards/reddit_1oy9i7t_01.jpeg,reddit_1oy9i7t_01.jpeg,TFH01,FALSE,NA
FALSE,UNKNOWN,NA,NA,NA,high,Not a trading card - this is a screenshot/scene from G1 Transformers cartoon animation showing a green and purple construction vehicle character in both vehicle and robot modes,/mnt/d/dev/p/trading_card_games/kayou_transformers/TFH01/cards/reddit_1oy9i7t_02.jpeg,reddit_1oy9i7t_02.jpeg,TFH01,FALSE,NA
FALSE,UNKNOWN,NA,NA,NA,high,"This is a photograph of cosplayers in Transformers costumes at what appears to be a convention, not a trading card image",/mnt/d/dev/p/trading_card_games/kayou_transformers/TFO01/cards/reddit_1p0doqm_01.jpeg,reddit_1p0doqm_01.jpeg,TFO01,FALSE,NA
FALSE,UNKNOWN,NA,NA,NA,high,"Photo of Transformers cosplayers at a convention, not a trading card image",/mnt/d/dev/p/trading_card_games/kayou_transformers/TFO01/cards/reddit_1p0doqm_02.jpeg,reddit_1p0doqm_02.jpeg,TFO01,FALSE,NA
TRUE,TFEU01,SR,Optimus Prime,045,high,"TFEU01 Energon Universe set, modern Western comic art style with English text. Card shows Optimus Prime in dynamic action pose with bold colors and comic panel aesthetic. SR rarity code visible on card face. Card number 045 clearly printed.",/mnt/d/dev/p/trading_card_games/kayou_transformers/TFEU01/cards/reddit_1p0dtjq_01.jpg,reddit_1p0dtjq_01.jpg,TFEU01,FALSE,NA
FALSE,UNKNOWN,NA,NA,NA,high,"This is a photo of an open product booklet/catalog showing multiple cards laid out across two pages in a binder/portfolio. Not a single card image. Shows what appears to be TFEU01 set cards with G1-style combiners art, but this is product documentation/catalog photography, not an individual card front.",/mnt/d/dev/p/trading_card_games/kayou_transformers/TFEU01/cards/reddit_1p0dtjq_02.jpg,reddit_1p0dtjq_02.jpg,TFEU01,FALSE,NA
FALSE,TFEU01,NA,NA,NA,high,"Product packaging/display boxes for TFEU01 Energon Universe set, not individual card images",/mnt/d/dev/p/trading_card_games/kayou_transformers/TFEU01/cards/reddit_1p0dtjq_03.jpg,reddit_1p0dtjq_03.jpg,TFEU01,FALSE,NA
TRUE,TFEU01,UR,Optimus Prime,004,high,TFEU01 Energon Universe set. Modern Western comic art style with English text. Card shows Optimus Prime in IDW/Skybound comic style. Rarity code 'UR' visible on card. Card number '004' visible. Distinctive Energon Universe design with bold colors and comic panel aesthetic.,/mnt/d/dev/p/trading_card_games/kayou_transformers/TFEU01/cards/reddit_1p0dtjq_04.jpg,reddit_1p0dtjq_04.jpg,TFEU01,FALSE,NA
TRUE,TFEU01,XR,Optimus Prime,001,high,TFEU01 Energon Universe set. Modern Western comic art style with English text. Card shows Optimus Prime in red/blue colors with XR rarity marking visible. Distinctive comic-panel aesthetic characteristic of the Energon Universe series. Card number 001 visible on card face.,/mnt/d/dev/p/trading_card_games/kayou_transformers/TFEU01/cards/reddit_1p3haf1_01.jpg,reddit_1p3haf1_01.jpg,TFEU01,FALSE,NA
TRUE,TFEU01,SSR,Starscream,SSR-018,high,"TFEU01 Energon Universe card with modern Western comic art style, English text 'STARSCREAM' visible, SSR rarity code clearly printed on card face, card number SSR-018 visible, distinctive Skybound/IDW comic aesthetic with bold colors and dramatic lighting",/mnt/d/dev/p/trading_card_games/kayou_transformers/TFEU01/cards/reddit_1p3haf1_02.jpg,reddit_1p3haf1_02.jpg,TFEU01,FALSE,NA
FALSE,UNKNOWN,NA,NA,NA,high,"This is a HasbroPulse.com order confirmation screenshot, not a trading card image. References TF40Y product (G25610000 Transformers 40th Anniversary Selection Lip Convoy) but shows only text notification.",/mnt/d/dev/p/trading_card_games/kayou_transformers/TF40Y/cards/reddit_1p6imau_01.png,reddit_1p6imau_01.png,TF40Y,FALSE,NA
FALSE,UNKNOWN,NA,NA,NA,high,"Email notification from HasbroPulse.com about TF40Y product order, not a card image",/mnt/d/dev/p/trading_card_games/kayou_transformers/TF40Y/cards/reddit_1p6imau_02.png,reddit_1p6imau_02.png,TF40Y,FALSE,NA
FALSE,UNKNOWN,NA,NA,NA,high,"This is a product advertisement image for a Transformers Studio Series toy (CGアニメ映画「トランスフォーマー/ONE」Orion Pax), not a trading card. It shows toy photography with product description text, not a card face.",/mnt/d/dev/p/trading_card_games/kayou_transformers/TF03/cards/reddit_1pc4s8y_01.jpg,reddit_1pc4s8y_01.jpg,TF03,FALSE,NA
FALSE,UNKNOWN,NA,Bumblebee,NA,high,"Not a card - this is a product photo showing F-Spark toy figure of Bumblebee in both vehicle and robot modes, part of a TRANSFORMERS STUDIO SERIES collaboration product from 2015 game (text describes it as transforming toy that can be used as handheld weapon)",/mnt/d/dev/p/trading_card_games/kayou_transformers/TF03/cards/reddit_1pc4s8y_02.jpg,reddit_1pc4s8y_02.jpg,TF03,FALSE,NA
FALSE,UNKNOWN,NA,NA,NA,high,"This is a product photo of a Transformers action figure toy, not a trading card. Shows a robot figure in red, white, and blue colors with 'STAFF SHOTS' watermark. Not a Kayou trading card.",/mnt/d/dev/p/trading_card_games/kayou_transformers/TF03/cards/reddit_1psixlw_01.png,reddit_1psixlw_01.png,TF03,FALSE,NA
FALSE,UNKNOWN,NA,NA,NA,high,"Image shows a Transformers toy/figure (appears to be a combiner or vehicle mode), not a trading card",/mnt/d/dev/p/trading_card_games/kayou_transformers/TF03/cards/reddit_1psixlw_02.png,reddit_1psixlw_02.png,TF03,FALSE,NA
TRUE,TF03,SSR,Jetfire,SSR-015,high,"G1 cartoon art style, Chinese text, SSR rarity clearly visible, card number SSR-015 readable on card face",/mnt/d/dev/p/trading_card_games/kayou_transformers/TF03/cards/reddit_1psixlw_03.png,reddit_1psixlw_03.png,TF03,FALSE,NA
FALSE,UNKNOWN,NA,NA,NA,high,"This is a photograph of a Transformers action figure/toy in combined form, not a trading card. Shows Silverbolt combiner torso with red, white, and blue colors.",/mnt/d/dev/p/trading_card_games/kayou_transformers/TF03/cards/reddit_1psixlw_04.png,reddit_1psixlw_04.png,TF03,FALSE,NA
FALSE,UNKNOWN,NA,NA,NA,high,"This is a product photo of a Transformers toy figure (appears to be Silverbolt or similar Aerialbot in jet mode), not a trading card image. Has SETT STUDIO watermark.",/mnt/d/dev/p/trading_card_games/kayou_transformers/TF03/cards/reddit_1psixlw_05.png,reddit_1psixlw_05.png,TF03,FALSE,NA
FALSE,UNKNOWN,NA,NA,NA,high,"This is a stock photo of a Transformers toy figure showing Autobot Cosmos with white/gray wings and blue accents, not a trading card. Watermarked with 'STIFF SHOTS' text.",/mnt/d/dev/p/trading_card_games/kayou_transformers/TF03/cards/reddit_1psixlw_06.png,reddit_1psixlw_06.png,TF03,FALSE,NA
FALSE,UNKNOWN,NA,NA,NA,high,"Image shows a physical Transformers toy/figure (appears to be Silverbolt or similar Aerialbot with white/red colors and blue hands), not a trading card. Watermark 'SSTF.SHOTS' visible.",/mnt/d/dev/p/trading_card_games/kayou_transformers/TF03/cards/reddit_1psixlw_07.png,reddit_1psixlw_07.png,TF03,FALSE,NA
FALSE,UNKNOWN,NA,NA,NA,high,"This is a photograph of a Transformers action figure/toy (appears to be Starscream or similar Seeker character), not a trading card. Watermarked with 'SSTF.SHOTS'.",/mnt/d/dev/p/trading_card_games/kayou_transformers/TF03/cards/reddit_1psixlw_08.png,reddit_1psixlw_08.png,TF03,FALSE,NA
FALSE,UNKNOWN,NA,NA,NA,high,"Product photo of Transformers toy figure (appears to be Superion combiner), not a trading card. Has 'SSITE SHOTS' watermark.",/mnt/d/dev/p/trading_card_games/kayou_transformers/TF03/cards/reddit_1psixlw_09.png,reddit_1psixlw_09.png,TF03,FALSE,NA
FALSE,UNKNOWN,NA,NA,NA,high,"This is a product photo of a Transformers toy figure (appears to be Starscream or similar Seeker), not a trading card. Image shows watermark 'STIFF SHOTS'.",/mnt/d/dev/p/trading_card_games/kayou_transformers/TF03/cards/reddit_1psixlw_10.png,reddit_1psixlw_10.png,TF03,FALSE,NA
FALSE,UNKNOWN,NA,NA,NA,high,"This is a product photo of a Transformers action figure/toy, not a trading card. Shows a combined robot mode with red, white, and blue colors. Has 'STAFF SHOTS' watermark.",/mnt/d/dev/p/trading_card_games/kayou_transformers/TF03/cards/reddit_1psixlw_11.png,reddit_1psixlw_11.png,TF03,FALSE,NA
FALSE,UNKNOWN,NA,NA,NA,high,"This is a product photo of a Transformers toy figure, not a trading card. Shows a white/blue robot figure with red accents against a white background with 'SITE SHOWS' watermark.",/mnt/d/dev/p/trading_card_games/kayou_transformers/TF03/cards/reddit_1psixlw_12.png,reddit_1psixlw_12.png,TF03,FALSE,NA
TRUE,TF03,SR,Optimus Prime,SR-005,high,"G1 cartoon art style, Chinese text, clear SR rarity marking and card number SR-005 visible on card face",/mnt/d/dev/p/trading_card_games/kayou_transformers/TF03/cards/reddit_1psixlw_13.png,reddit_1psixlw_13.png,TF03,FALSE,NA
FALSE,UNKNOWN,NA,NA,NA,high,"Product photo of Jetfire toy, not a trading card - shows physical Transformers figure in vehicle mode against white background with STIFF SHOTS watermark",/mnt/d/dev/p/trading_card_games/kayou_transformers/TF03/cards/reddit_1psixlw_14.png,reddit_1psixlw_14.png,TF03,FALSE,NA
FALSE,UNKNOWN,NA,NA,NA,high,Not a trading card - this is a product photograph of a Transformers toy/figure in jet mode (appears to be Jetfire/Skyfire) with watermark 'SKTF SHOWS',/mnt/d/dev/p/trading_card_games/kayou_transformers/TF03/cards/reddit_1psixlw_15.png,reddit_1psixlw_15.png,TF03,FALSE,NA
FALSE,UNKNOWN,NA,NA,NA,high,"This is a photograph of a physical Transformers toy/figure (appears to be Optimus Prime in truck/vehicle mode) against a blue background, not a trading card image",/mnt/d/dev/p/trading_card_games/kayou_transformers/TFEU01/cards/reddit_1purztu_01.png,reddit_1purztu_01.png,TFEU01,FALSE,NA
FALSE,UNKNOWN,NA,NA,NA,high,"Image shows a Transformers toy figure (appears to be Ultra Magnus) on blue background, not a trading card",/mnt/d/dev/p/trading_card_games/kayou_transformers/TFEU01/cards/reddit_1purztu_02.png,reddit_1purztu_02.png,TFEU01,FALSE,NA
FALSE,UNKNOWN,NA,NA,NA,high,"Image shows a physical Transformers toy/action figure (appears to be Optimus Prime) in truck/vehicle mode, not a trading card",/mnt/d/dev/p/trading_card_games/kayou_transformers/TFEU01/cards/reddit_1purztu_03.png,reddit_1purztu_03.png,TFEU01,FALSE,NA
FALSE,UNKNOWN,NA,NA,NA,high,"This is a photograph of a physical Transformers toy/action figure (appears to be Ultra Magnus or similar blue truck character) posed in front of blurred card backgrounds, not a single card front image",/mnt/d/dev/p/trading_card_games/kayou_transformers/TFEU01/cards/reddit_1purztu_04.png,reddit_1purztu_04.png,TFEU01,FALSE,NA
FALSE,UNKNOWN,NA,NA,NA,high,"Not a trading card - this is a photograph of a physical Transformers toy/figure (appears to be Optimus Prime) displayed on a surface. This is a 3D toy product photo, not a card image.",/mnt/d/dev/p/trading_card_games/kayou_transformers/TFEU01/cards/reddit_1purztu_05.png,reddit_1purztu_05.png,TFEU01,FALSE,NA
FALSE,UNKNOWN,NA,NA,NA,high,"Not a trading card - this is a photograph of Transformers toys/action figures arranged on a blue background, not a card image",/mnt/d/dev/p/trading_card_games/kayou_transformers/TFEU01/cards/reddit_1purztu_06.png,reddit_1purztu_06.png,TFEU01,FALSE,NA
TRUE,TFEU01,UNKNOWN,Ultra Magnus,08,high,"TFEU01 Energon Universe card with modern IDW/Skybound comic art style. Shows Ultra Magnus in toy-style photo with red sunburst background. English text at top with creator names (Daniel Warren Johnson, Jorge Corona, Mike Spicer). Card shows #08 numbering. No visible rarity code on card face.",/mnt/d/dev/p/trading_card_games/kayou_transformers/TFEU01/cards/reddit_1purztu_07.png,reddit_1purztu_07.png,TFEU01,FALSE,NA
FALSE,UNKNOWN,NA,NA,NA,high,"This is a product photo showing multiple Studio Series action figures, not a trading card. Image shows toy collection with watermark 'STUDIO SERIES COLLECTION' and 'PURE ARCHIVE'.",/mnt/d/dev/p/trading_card_games/kayou_transformers/TF03/cards/reddit_1py394k_01.png,reddit_1py394k_01.png,TF03,FALSE,NA
FALSE,UNKNOWN,NA,NA,NA,high,"This is a Studio Series toy collection product photo showing multiple transformer figures, not a trading card image",/mnt/d/dev/p/trading_card_games/kayou_transformers/TF03/cards/reddit_1py394k_02.png,reddit_1py394k_02.png,TF03,FALSE,NA
FALSE,UNKNOWN,NA,NA,NA,high,"This is a Studio Series toy collection promotional image showing multiple Transformers figures in robot mode, not a trading card. Contains watermark 'saftshots' and 'STUDIO SERIES COLLECTION' text at top.",/mnt/d/dev/p/trading_card_games/kayou_transformers/TF03/cards/reddit_1py394k_03.png,reddit_1py394k_03.png,TF03,FALSE,NA
FALSE,UNKNOWN,NA,NA,NA,high,"This is a Studio Series toy collection promotional image showing multiple ROTF (Revenge of the Fallen) figures, not a trading card. Contains watermark 'aatf.shots'.",/mnt/d/dev/p/trading_card_games/kayou_transformers/TF03/cards/reddit_1py394k_04.png,reddit_1py394k_04.png,TF03,FALSE,NA
FALSE,UNKNOWN,NA,NA,NA,high,"This is a toy collection photo showing multiple Transformers figures/toys arranged on shelves, not a trading card. Image shows product photography of action figures with 'STUDIO SERIES COLLECTION' watermark.",/mnt/d/dev/p/trading_card_games/kayou_transformers/TF03/cards/reddit_1py394k_05.png,reddit_1py394k_05.png,TF03,FALSE,NA
FALSE,UNKNOWN,NA,NA,NA,high,Not a trading card - this is a Studio Series toy collection promotional image showing multiple Transformers figures with DOTM branding,/mnt/d/dev/p/trading_card_games/kayou_transformers/TF03/cards/reddit_1py394k_06.png,reddit_1py394k_06.png,TF03,FALSE,NA
FALSE,UNKNOWN,NA,NA,NA,high,"This is a promotional or reference sheet showing multiple Studio Series toy figures in a grid layout, not a single trading card. Contains watermark 'sstf.shots' and displays various Transformers figures including movie-style characters. Not a valid card image.",/mnt/d/dev/p/trading_card_games/kayou_transformers/TF03/cards/reddit_1py394k_07.png,reddit_1py394k_07.png,TF03,FALSE,NA
FALSE,UNKNOWN,NA,NA,NA,high,Not a trading card - this is a promotional or product image showing Studio Series toy figures with 'TLK' (The Last Knight) branding,/mnt/d/dev/p/trading_card_games/kayou_transformers/TF03/cards/reddit_1py394k_08.png,reddit_1py394k_08.png,TF03,FALSE,NA
FALSE,UNKNOWN,NA,NA,NA,high,"This is a product photo showing multiple Transformers toy figures arranged in rows, not a trading card. Shows Seeker jets and other characters in toy form with 'STUDIO COLLECTION' watermark.",/mnt/d/dev/p/trading_card_games/kayou_transformers/TF03/cards/reddit_1py394k_09.png,reddit_1py394k_09.png,TF03,FALSE,NA
FALSE,UNKNOWN,NA,NA,NA,high,"Not a trading card - this is a promotional image showing Beast Wars/Beast Wars Machines toys or figures, with 'STUDIO SERIES COLLECTION' and 'aatf.shots' watermark. Shows multiple transformer figures arranged in a grid layout with 'BEE' text overlay. This is product photography, not a Kayou trading card.",/mnt/d/dev/p/trading_card_games/kayou_transformers/TF03/cards/reddit_1py394k_10.png,reddit_1py394k_10.png,TF03,FALSE,NA
FALSE,UNKNOWN,NA,NA,NA,high,"This is a product photo showing Studio Series toy collection display with multiple Transformers figures, not a trading card. Has watermark 'satf.shots' and text 'STUDIO SERIES COLLECTION'. Shows approximately 12 different figures arranged in rows.",/mnt/d/dev/p/trading_card_games/kayou_transformers/TF03/cards/reddit_1py394k_11.png,reddit_1py394k_11.png,TF03,FALSE,NA
FALSE,UNKNOWN,NA,NA,NA,high,"Not a trading card - this is a toy collection reference photo showing multiple Transformers action figures arranged in a grid layout with 'STUDIO SERIES COLLECTION' watermark. This is documentation of physical toys, not a Kayou trading card image.",/mnt/d/dev/p/trading_card_games/kayou_transformers/TF03/cards/reddit_1py394k_12.png,reddit_1py394k_12.png,TF03,FALSE,NA
FALSE,UNKNOWN,NA,NA,NA,high,"This is a product photo showing Studio Series Collection toy figures, not a trading card. Image shows multiple Transformers toy figures arranged in a grid with a watermark.",/mnt/d/dev/p/trading_card_games/kayou_transformers/TF03/cards/reddit_1py394k_13.png,reddit_1py394k_13.png,TF03,FALSE,NA
FALSE,UNKNOWN,NA,NA,NA,high,"This is a Studio Series toy product photo with watermark, showing 7 Transformer figures arranged in a grid layout. Not a trading card.",/mnt/d/dev/p/trading_card_games/kayou_transformers/TF03/cards/reddit_1py394k_14.png,reddit_1py394k_14.png,TF03,FALSE,NA
FALSE,UNKNOWN,NA,NA,NA,high,"This is a promotional or reference image showing toy figures, not a trading card. Shows 4 Optimus Prime/Nemesis Prime toy variants with 'TAKARA TOMY EXCLUSIVES' watermark text.",/mnt/d/dev/p/trading_card_games/kayou_transformers/TF03/cards/reddit_1py394k_15.png,reddit_1py394k_15.png,TF03,FALSE,NA
FALSE,UNKNOWN,NA,NA,NA,high,Not a trading card. This is a product photo showing four Transformers action figures (toys) with text 'TRANSFORMERS COLLECTION' and 'NON-SS' watermark. Not a Kayou card image.,/mnt/d/dev/p/trading_card_games/kayou_transformers/TF03/cards/reddit_1py394k_16.png,reddit_1py394k_16.png,TF03,FALSE,NA
FALSE,UNKNOWN,NA,NA,NA,high,Not a trading card - this is a promotional image showing Transformers toy upgrade kits/combiners with 'TRANSFORMERS COLLECTION' and 'ONSLOUGHT UPGRADE KITS' text watermarks,/mnt/d/dev/p/trading_card_games/kayou_transformers/TF03/cards/reddit_1py394k_17.png,reddit_1py394k_17.png,TF03,FALSE,NA
FALSE,UNKNOWN,NA,NA,NA,high,"This is not a trading card. It's a promotional image for DNA Design upgrade kits showing toy figures, with text 'TRANSFORMERS COLLECTION' and 'DNA DESIGN UPGRADE KITS' and a seibertron.com watermark.",/mnt/d/dev/p/trading_card_games/kayou_transformers/TF03/cards/reddit_1py394k_18.png,reddit_1py394k_18.png,TF03,FALSE,NA
TRUE,TFEU01,XR,Optimus Prime,NA,high,TFEU01 Energon Universe card with modern Western comic art style. Card shows Optimus Prime in IDW/Skybound comic aesthetic with English text 'OPTIMUS PRIME' visible at top. XR rarity code clearly visible at bottom of card. Distinctive comic-panel layout with bold colors characteristic of TFEU01 set.,/mnt/d/dev/p/trading_card_games/kayou_transformers/TFEU01/cards/reddit_1q1ljkx_01.png,reddit_1q1ljkx_01.png,TFEU01,FALSE,NA
TRUE,TFEU01,XR,Optimus Prime,NA,high,"TFEU01 Energon Universe card with modern Western comic art style, English text 'OPTIMUS PRIME', XR rarity marking visible, characteristic comic panel aesthetic with bold colors and dramatic lighting",/mnt/d/dev/p/trading_card_games/kayou_transformers/TFEU01/cards/reddit_1q1ljkx_02.png,reddit_1q1ljkx_02.png,TFEU01,FALSE,NA
FALSE,UNKNOWN,NA,Megatron,NA,high,"This is an Image Comics cover (issue #28) from the Skybound Transformers comic series, not a Kayou trading card. While TFEU01 cards use Skybound/Energon Universe art, this is the original comic book cover itself, not a card product.",/mnt/d/dev/p/trading_card_games/kayou_transformers/TFEU01/cards/reddit_1q7v2e3_01.jpeg,reddit_1q7v2e3_01.jpeg,TFEU01,FALSE,NA
FALSE,UNKNOWN,NA,Megatron,NA,high,"This is a comic book cover for Transformers #28, not a trading card. Shows English text, modern Western comic art style with creators' names (Robert Kirkman, Dan Mora, Mike Spicer), and Image Comics branding. While this art style matches TFEU01 source material, this is the actual comic cover, not a card.",/mnt/d/dev/p/trading_card_games/kayou_transformers/TFEU01/cards/reddit_1q7v2e3_02.jpeg,reddit_1q7v2e3_02.jpeg,TFEU01,FALSE,NA
FALSE,UNKNOWN,NA,NA,NA,high,"Image shows a physical Transformers toy/action figure against a pink background, not a trading card",/mnt/d/dev/p/trading_card_games/kayou_transformers/TF03/cards/reddit_1q7wjhx_01.jpg,reddit_1q7wjhx_01.jpg,TF03,FALSE,NA
FALSE,UNKNOWN,NA,NA,NA,high,Image shows a Transformers toy figure (appears to be Airachnid or similar insectoid character) photographed on pink background - not a trading card,/mnt/d/dev/p/trading_card_games/kayou_transformers/TF03/cards/reddit_1q7wjhx_02.jpg,reddit_1q7wjhx_02.jpg,TF03,FALSE,NA
FALSE,UNKNOWN,NA,NA,NA,high,"This is a photograph of a Transformers action figure/toy posed on a display stand, not a trading card image",/mnt/d/dev/p/trading_card_games/kayou_transformers/TF03/cards/reddit_1q7wjhx_03.jpg,reddit_1q7wjhx_03.jpg,TF03,FALSE,NA
FALSE,UNKNOWN,NA,NA,NA,high,"This is a photograph of a Transformers action figure/toy on a display stand, not a trading card",/mnt/d/dev/p/trading_card_games/kayou_transformers/TF03/cards/reddit_1q7wjhx_04.jpg,reddit_1q7wjhx_04.jpg,TF03,FALSE,NA
FALSE,UNKNOWN,NA,NA,NA,high,"This is a photograph of a Transformers action figure/toy on a display stand against a pink background, not a trading card.",/mnt/d/dev/p/trading_card_games/kayou_transformers/TF03/cards/reddit_1q7wjhx_05.jpg,reddit_1q7wjhx_05.jpg,TF03,FALSE,NA
FALSE,UNKNOWN,NA,NA,NA,high,"This is a photograph of a Transformers action figure/toy displayed on a stand against a pink background, not a trading card",/mnt/d/dev/p/trading_card_games/kayou_transformers/TF03/cards/reddit_1q7wjhx_06.jpg,reddit_1q7wjhx_06.jpg,TF03,FALSE,NA
FALSE,UNKNOWN,NA,NA,NA,high,"This is a photo of a Transformers toy/figure on a display stand, not a trading card",/mnt/d/dev/p/trading_card_games/kayou_transformers/TF03/cards/reddit_1q7wjhx_07.jpg,reddit_1q7wjhx_07.jpg,TF03,FALSE,NA
FALSE,UNKNOWN,NA,NA,NA,high,"This is a Transformers One toy box (Studio Series Airachnid) packaging, not a trading card",/mnt/d/dev/p/trading_card_games/kayou_transformers/TF03/cards/reddit_1q7wjhx_08.jpg,reddit_1q7wjhx_08.jpg,TF03,FALSE,NA
FALSE,UNKNOWN,NA,NA,NA,high,"This is a Transformers action figure package back (showing Airachnid toy), not a trading card",/mnt/d/dev/p/trading_card_games/kayou_transformers/TF03/cards/reddit_1q7wjhx_09.jpg,reddit_1q7wjhx_09.jpg,TF03,FALSE,NA
FALSE,UNKNOWN,NA,NA,NA,high,"This is a digital screen capture or video frame showing animated characters (appears to be anime/cartoon style), not a physical trading card. No card borders, rarity codes, or card numbering visible.",/mnt/d/dev/p/trading_card_games/kayou_transformers/TF40Y/cards/reddit_1qcykq6_01.jpeg,reddit_1qcykq6_01.jpeg,TF40Y,FALSE,NA
TRUE,TFEU01,SR,Optimus Prime,029,high,"Modern Western comic art style with English text 'TRANSFORMERS' header, credits shown (Robert Kirkman, Dan Mora, Mike Spicer). Card shows Optimus Prime vs Megatron in IDW/Skybound Energon Universe art style. Visible card number #29, rarity marker 'SR' (蒙太奇卡/Montage) visible in upper left corner. Distinctive TFEU01 comic-panel aesthetic with bold colors and Western comic book styling.",/mnt/d/dev/p/trading_card_games/kayou_transformers/TFEU01/cards/reddit_1qe2mwx_01.jpeg,reddit_1qe2mwx_01.jpeg,TFEU01,FALSE,NA
TRUE,TFEU01,SR,Optimus Prime,29,high,"TFEU01 Energon Universe card with modern Western comic art style (Skybound). English text 'TRANSFORMERS' header with creators Robert Kirkman, Dan Mora, Mike Spicer. Card shows Optimus Prime in combat with Megatron. Purple badge in top-left corner, pink 'Image' badge and '#29' visible on left side. SR (Montage) rarity based on comic panel aesthetic and series style.",/mnt/d/dev/p/trading_card_games/kayou_transformers/TFEU01/cards/reddit_1qe2mwx_02.jpeg,reddit_1qe2mwx_02.jpeg,TFEU01,FALSE,NA
FALSE,TF40Y,NA,NA,NA,high,"Binder page with 9 TF40Y cards visible, yellow-to-red gradient background with 40th anniversary logo. Not a single card front.",/mnt/d/dev/p/trading_card_games/kayou_transformers/TF40Y/cards/reddit_1qf2b7e_01.jpg,reddit_1qf2b7e_01.jpg,TF40Y,FALSE,NA
FALSE,TF40Y,NA,NA,NA,high,"Binder page showing 18 cards from TF40Y 40th Anniversary set, not a single card front",/mnt/d/dev/p/trading_card_games/kayou_transformers/TF40Y/cards/reddit_1qf2b7e_02.jpg,reddit_1qf2b7e_02.jpg,TF40Y,FALSE,NA
FALSE,UNKNOWN,NA,NA,NA,high,"Multiple cards displayed in binder pages, not a single card front image",/mnt/d/dev/p/trading_card_games/kayou_transformers/TF40Y/cards/reddit_1qf2b7e_03.jpg,reddit_1qf2b7e_03.jpg,TF40Y,FALSE,NA
FALSE,TF40Y,NA,NA,NA,high,Multiple cards displayed in sleeves in a binder page. All cards show TF40Y 40th anniversary logo and G1 cartoon art style with purple gradient backgrounds. Not a single card front image.,/mnt/d/dev/p/trading_card_games/kayou_transformers/TF40Y/cards/reddit_1qf2b7e_04.jpg,reddit_1qf2b7e_04.jpg,TF40Y,FALSE,NA
FALSE,TF40Y,NA,NA,NA,high,"Binder page showing multiple TF40Y cards with G1 art style and 40th anniversary logo visible, not a single card front",/mnt/d/dev/p/trading_card_games/kayou_transformers/TF40Y/cards/reddit_1qf2b7e_05.jpg,reddit_1qf2b7e_05.jpg,TF40Y,FALSE,NA
FALSE,UNKNOWN,NA,NA,NA,high,"Image shows multiple cards in a binder page, not a single card front. Cannot classify individual cards from this view.",/mnt/d/dev/p/trading_card_games/kayou_transformers/TF40Y/cards/reddit_1qf2b7e_06.jpg,reddit_1qf2b7e_06.jpg,TF40Y,FALSE,NA
FALSE,UNKNOWN,NA,NA,NA,high,Multiple cards displayed in binder pages - not a single card front image,/mnt/d/dev/p/trading_card_games/kayou_transformers/TF40Y/cards/reddit_1qf2b7e_07.jpg,reddit_1qf2b7e_07.jpg,TF40Y,FALSE,NA
FALSE,UNKNOWN,NA,NA,NA,high,"Multiple cards displayed in a binder page, not a single card front",/mnt/d/dev/p/trading_card_games/kayou_transformers/TF40Y/cards/reddit_1qf2b7e_08.jpg,reddit_1qf2b7e_08.jpg,TF40Y,FALSE,NA
FALSE,TF40Y,NA,NA,NA,high,Photo of multiple cards in a binder page from TF40Y 40th Anniversary set - visible 40th anniversary logo on several cards. Not a single card front.,/mnt/d/dev/p/trading_card_games/kayou_transformers/TF40Y/cards/reddit_1qf2b7e_09.jpg,reddit_1qf2b7e_09.jpg,TF40Y,FALSE,NA
FALSE,UNKNOWN,NA,NA,NA,high,"Multiple cards displayed in binder pages, not a single card front image",/mnt/d/dev/p/trading_card_games/kayou_transformers/TF40Y/cards/reddit_1qf2b7e_10.jpg,reddit_1qf2b7e_10.jpg,TF40Y,FALSE,NA
FALSE,TF40Y,NA,NA,NA,high,"This is a display sheet showing 9 cards from TF40Y set in protective sleeves, not a single card front. Multiple cards visible in grid layout.",/mnt/d/dev/p/trading_card_games/kayou_transformers/TF40Y/cards/reddit_1qf2b7e_11.jpg,reddit_1qf2b7e_11.jpg,TF40Y,FALSE,NA
FALSE,UNKNOWN,NA,NA,NA,high,Binder page showing multiple cards in sleeves - not a single card front,/mnt/d/dev/p/trading_card_games/kayou_transformers/TF40Y/cards/reddit_1qf2b7e_12.jpg,reddit_1qf2b7e_12.jpg,TF40Y,FALSE,NA
FALSE,TF40Y,NA,NA,NA,high,"Image shows multiple TF40Y cards in a binder page, not a single card front. Visible 40Y anniversary logo on multiple cards confirms TF40Y set.",/mnt/d/dev/p/trading_card_games/kayou_transformers/TF40Y/cards/reddit_1qf2b7e_13.jpg,reddit_1qf2b7e_13.jpg,TF40Y,FALSE,NA
FALSE,UNKNOWN,NA,NA,NA,high,"Image shows a 3x3 grid display of 9 holographic cards in protective sleeves on a binder page, not a single card front",/mnt/d/dev/p/trading_card_games/kayou_transformers/TF40Y/cards/reddit_1qf2b7e_14.jpg,reddit_1qf2b7e_14.jpg,TF40Y,FALSE,NA
FALSE,UNKNOWN,NA,NA,NA,high,"Image shows multiple cards in binder pages, not a single card front",/mnt/d/dev/p/trading_card_games/kayou_transformers/TF40Y/cards/reddit_1qf2b7e_15.jpg,reddit_1qf2b7e_15.jpg,TF40Y,FALSE,NA
FALSE,TF40Y,NA,NA,NA,high,"Binder page showing multiple TF40Y 40th Anniversary cards in sleeves, not a single card front",/mnt/d/dev/p/trading_card_games/kayou_transformers/TF40Y/cards/reddit_1qf2b7e_16.jpg,reddit_1qf2b7e_16.jpg,TF40Y,FALSE,NA
FALSE,TF40Y,NA,NA,NA,high,"Multiple cards displayed in binder pages showing TF40Y 40th Anniversary set cards with holographic effects and '40' logo visible, not a single card image",/mnt/d/dev/p/trading_card_games/kayou_transformers/TF40Y/cards/reddit_1qf2b7e_17.jpg,reddit_1qf2b7e_17.jpg,TF40Y,FALSE,NA
FALSE,UNKNOWN,NA,NA,NA,high,Multiple cards displayed in holders/sleeves - not a single card front image,/mnt/d/dev/p/trading_card_games/kayou_transformers/TF40Y/cards/reddit_1qf2b7e_18.jpg,reddit_1qf2b7e_18.jpg,TF40Y,FALSE,NA
FALSE,UNKNOWN,NA,NA,NA,high,"Not a trading card - this is a screenshot or still frame from an animated show (appears to be Headmasters anime) showing a character in a desert/mountain setting. No card frame, rarity code, or card number visible.",/mnt/d/dev/p/trading_card_games/kayou_transformers/TFH01/cards/reddit_1qif9fm_01.jpg,reddit_1qif9fm_01.jpg,TFH01,FALSE,NA
FALSE,UNKNOWN,NA,NA,NA,high,"Image shows only a cropped portion of what appears to be anime-style character art (likely from Headmasters series based on directory location), but this is not a full card front - no rarity markings, card borders, or identifying information visible",/mnt/d/dev/p/trading_card_games/kayou_transformers/TFH01/cards/reddit_1qif9fm_02.jpg,reddit_1qif9fm_02.jpg,TFH01,FALSE,NA
TRUE,TFH01,SSR,Arcee,NA,high,Headmasters anime style card showing Arcee with human partner Daniel. Distinctive TFH01 anime aesthetic. SSR rarity visible on card border.,/mnt/d/dev/p/trading_card_games/kayou_transformers/TFH01/cards/reddit_1qif9fm_03.jpg,reddit_1qif9fm_03.jpg,TFH01,FALSE,NA
TRUE,TFH01,SSR,Cerebros,030,high,"Headmasters anime art style, SSR rarity visible on card, card number 030 clearly shown, features Cerebros character from Headmasters series",/mnt/d/dev/p/trading_card_games/kayou_transformers/TFH01/cards/reddit_1qif9fm_04.jpg,reddit_1qif9fm_04.jpg,TFH01,FALSE,NA
TRUE,TFH01,SL,Arcee and Springer,NA,high,Horizontal landscape card with Headmasters anime art style showing Arcee and Springer. Characteristic SL (Scene Landscape) rarity format unique to TFH01 set.,/mnt/d/dev/p/trading_card_games/kayou_transformers/TFH01/cards/reddit_1qif9fm_05.jpg,reddit_1qif9fm_05.jpg,TFH01,FALSE,NA
TRUE,TFH01,SL,Headmasters,NA,high,Horizontal landscape card showing battle scene with Headmasters characters in anime style - characteristic of TFH01 SL (Scene Landscape) rarity,/mnt/d/dev/p/trading_card_games/kayou_transformers/TFH01/cards/reddit_1qif9fm_06.jpg,reddit_1qif9fm_06.jpg,TFH01,FALSE,NA
TRUE,TFEU01,LR,Optimus Prime,NA,high,TFEU01 Energon Universe card with modern Western comic art style. Shows Optimus Prime in classic red/blue colors with dynamic action pose. English text visible. Card has distinctive comic panel aesthetic with bold colors characteristic of TFEU01 set. Rarity code 'LR' (群英卡/Heroes) clearly visible on card face.,/mnt/d/dev/p/trading_card_games/kayou_transformers/TFEU01/cards/reddit_1qkd55y_01.jpeg,reddit_1qkd55y_01.jpeg,TFEU01,FALSE,NA
TRUE,TFEU01,SR,Optimus Prime,NA,high,"TFEU01 Energon Universe card with modern Western comic art style, English text 'OPTIMUS PRIME' visible at bottom, SR rarity code in top right corner, distinctive comic book aesthetic with bold colors and dramatic action pose",/mnt/d/dev/p/trading_card_games/kayou_transformers/TFEU01/cards/reddit_1qkd55y_02.jpeg,reddit_1qkd55y_02.jpeg,TFEU01,FALSE,NA
FALSE,UNKNOWN,NA,NA,NA,high,"Multiple cards in a collection photo, not a single card front",/mnt/d/dev/p/trading_card_games/kayou_transformers/TFH01/cards/reddit_1qogs9w_01.jpg,reddit_1qogs9w_01.jpg,TFH01,FALSE,NA
TRUE,TF03,R,Wreck-Gar,003,high,"Card shows TF03-R-003/032 at bottom right, R rarity from Series 3, Wreck-Gar character with Chinese text, G1 cartoon art style",/mnt/d/dev/p/trading_card_games/kayou_transformers/TFH01/cards/reddit_1qogs9w_02.jpg,reddit_1qogs9w_02.jpg,TFH01,TRUE,TF03
FALSE,TFH01,NA,NA,NA,high,"Image shows two sealed card packs/packaging for TFH01 set (visible product code TF03-R-007A32), not individual card fronts. Packaging shows Blaster character art in jet mode.",/mnt/d/dev/p/trading_card_games/kayou_transformers/TFH01/cards/reddit_1qogs9w_03.jpg,reddit_1qogs9w_03.jpg,TFH01,FALSE,NA
TRUE,TF03,R,Long Haul,023,high,"Card shows Long Haul (Constructicon) with holographic background, Decepticon faction logo visible. Card code visible as TF03-R-023/032. Chinese text visible '拖斗'. Clear TF03 series artwork style with G1 cartoon aesthetic.",/mnt/d/dev/p/trading_card_games/kayou_transformers/TFH01/cards/reddit_1qogs9w_04.jpg,reddit_1qogs9w_04.jpg,TFH01,TRUE,TF03
TRUE,TFH01,SL,Bumblebee,NA,high,Horizontal SL (Scene Landscape) rarity card featuring Bumblebee and Spike. Headmasters anime art style. Chinese text visible. Card has holographic finish and characteristic TFH01 horizontal landscape orientation unique to SL rarity.,/mnt/d/dev/p/trading_card_games/kayou_transformers/TFH01/cards/reddit_1qogs9w_05.jpg,reddit_1qogs9w_05.jpg,TFH01,FALSE,NA
TRUE,TFH01,SSR,Chromedome,010,high,TFH01 Headmasters set SSR card featuring Chromedome. Card shows Headmasters anime art style with Chinese text. Rarity code 'SSR' clearly visible in bottom left corner. Card number 010 visible. Distinctive Headmasters series design with vertical orientation.,/mnt/d/dev/p/trading_card_games/kayou_transformers/TFH01/cards/reddit_1qogs9w_06.jpg,reddit_1qogs9w_06.jpg,TFH01,FALSE,NA
FALSE,UNKNOWN,NA,NA,NA,high,"Multiple cards held in hand, cannot classify individual cards from this angle",/mnt/d/dev/p/trading_card_games/kayou_transformers/TFH01/cards/reddit_1qogs9w_07.jpg,reddit_1qogs9w_07.jpg,TFH01,FALSE,NA
FALSE,UNKNOWN,NA,NA,NA,high,"Image shows multiple cards and a pack/display item, not a single card front. Cannot classify individual card details from this multi-card photo.",/mnt/d/dev/p/trading_card_games/kayou_transformers/TFH01/cards/reddit_1qogs9w_08.jpg,reddit_1qogs9w_08.jpg,TFH01,FALSE,NA
TRUE,TFH01,SSR,Bumblebee,007,high,"TFH01 Headmasters set, SSR rarity visible in bottom left corner, card number 007 printed at bottom, Bumblebee with Chinese text 大黄蜂, anime-style Headmasters art aesthetic",/mnt/d/dev/p/trading_card_games/kayou_transformers/TFH01/cards/reddit_1qogs9w_09.jpg,reddit_1qogs9w_09.jpg,TFH01,FALSE,NA
TRUE,TFH01,SR,Optimus Prime,007,high,"Clear card number TFH01-SR-007/017 visible, Headmasters style art with green and brown angular frame design, Chinese text visible, SR rarity code printed on card",/mnt/d/dev/p/trading_card_games/kayou_transformers/TFH01/cards/reddit_1qogs9w_10.jpg,reddit_1qogs9w_10.jpg,TFH01,FALSE,NA
TRUE,TFH01,SSR,Mirage,006,high,Card number visible as TFH01-SSR-006 078. Headmasters anime style art with holographic effect. Character name 'MIRAGE' printed on card. SSR rarity with distinctive geometric pattern border.,/mnt/d/dev/p/trading_card_games/kayou_transformers/TFH01/cards/reddit_1qogs9w_11.jpg,reddit_1qogs9w_11.jpg,TFH01,FALSE,NA
FALSE,UNKNOWN,NA,NA,NA,high,"Image shows multiple cards and a Transformers One pack arranged on a surface - not a single card front. Contains TFO01 cards, a TFH01 Bumblebee card, and packaging.",/mnt/d/dev/p/trading_card_games/kayou_transformers/TFH01/cards/reddit_1qogs9w_12.jpg,reddit_1qogs9w_12.jpg,TFH01,FALSE,NA
TRUE,TFH01,SSR,Sunstreaker,NA,high,Holographic SSR card showing Sunstreaker in yellow/gold colors with Headmasters anime art style. Card displays characteristic TFH01 holographic pattern and Chinese text at bottom.,/mnt/d/dev/p/trading_card_games/kayou_transformers/TFH01/cards/reddit_1qogs9w_13.jpg,reddit_1qogs9w_13.jpg,TFH01,FALSE,NA
TRUE,TFH01,SL,Sunstreaker,NA,high,"Horizontal landscape card with toy-style art, gray border with 'SUNSTREAKER' text on right side, matches TFH01 SL (Scene Landscape) rarity format",/mnt/d/dev/p/trading_card_games/kayou_transformers/TFH01/cards/reddit_1qogs9w_14.jpg,reddit_1qogs9w_14.jpg,TFH01,FALSE,NA
TRUE,TFH01,UR,Chromedome,005,high,"Headmasters style card with UR rarity marking visible, card number 005 printed, features Chromedome in G1 Headmasters anime art style with Chinese text",/mnt/d/dev/p/trading_card_games/kayou_transformers/TFH01/cards/reddit_1qogs9w_15.jpg,reddit_1qogs9w_15.jpg,TFH01,FALSE,NA
TRUE,TFH01,SSR,Chromedome,016,high,TFH01 Headmasters set card with SSR rarity code visible on card face. Card shows Chromedome in Headmasters anime art style. Card number 016 visible. Chinese text present consistent with TFH01 set design.,/mnt/d/dev/p/trading_card_games/kayou_transformers/TFH01/cards/reddit_1qogs9w_16.jpg,reddit_1qogs9w_16.jpg,TFH01,FALSE,NA
FALSE,UNKNOWN,NA,NA,NA,high,"This is a comic book cover (Image Comics Transformers #13 by Daniel Warren Johnson, Jason Howard, Mike Spicer), not a trading card. Shows Autobot character on white background with red Autobot insignia.",/mnt/d/dev/p/trading_card_games/kayou_transformers/TFEU01/cards/reddit_1qqr5s1_01.jpeg,reddit_1qqr5s1_01.jpeg,TFEU01,FALSE,NA
FALSE,UNKNOWN,NA,NA,NA,high,"This is promotional artwork or box art for Transformers Animated series, not a single trading card. Shows multiple characters including Bulkhead (green), Bumblebee (yellow), and Optimus Prime (red/blue) with the Transformers Animated logo.",/mnt/d/dev/p/trading_card_games/kayou_transformers/TF03/cards/reddit_1qw45qe_01.jpg,reddit_1qw45qe_01.jpg,TF03,FALSE,NA
FALSE,UNKNOWN,NA,NA,NA,high,"Not a trading card - this is a promotional poster or artwork for Transformers Prime animated series (Hub Network branding visible). Shows collage of multiple characters from the show, not a Kayou card product.",/mnt/d/dev/p/trading_card_games/kayou_transformers/TF03/cards/reddit_1qw45qe_02.jpg,reddit_1qw45qe_02.jpg,TF03,FALSE,NA
FALSE,UNKNOWN,NA,NA,NA,high,"This is promotional or packaging artwork for Transformers Cybertron DVD/media release, not a trading card. Shows multiple characters with 'THE COMPLETE SERIES' text at bottom.",/mnt/d/dev/p/trading_card_games/kayou_transformers/TF03/cards/reddit_1qw45qe_03.jpg,reddit_1qw45qe_03.jpg,TF03,FALSE,NA
FALSE,UNKNOWN,NA,NA,NA,high,"This is a comic book cover (Transformers #18 by Image Comics) showing Optimus Prime, not a Kayou trading card. Features Western comic art by Daniel Warren Johnson and Jorge Corona.",/mnt/d/dev/p/trading_card_games/kayou_transformers/TFEU01/cards/reddit_1qx4l8c_01.jpeg,reddit_1qx4l8c_01.jpeg,TFEU01,FALSE,NA
FALSE,UNKNOWN,NA,NA,NA,high,"This is an Image Comics Transformers comic book cover (#18), not a trading card. Shows modern Western comic art style but is clearly a full comic book cover with Image logo, issue number, and creator credits (Daniel Warren Johnson, Jorge Corona, Mike Spicer).",/mnt/d/dev/p/trading_card_games/kayou_transformers/TFEU01/cards/reddit_1qx4l8c_02.jpeg,reddit_1qx4l8c_02.jpeg,TFEU01,FALSE,NA
FALSE,UNKNOWN,NA,NA,NA,high,This is a screenshot from the Japanese Headmasters anime showing Ultra Magnus. Not a trading card - it's an anime frame with Japanese text and English subtitle overlay,/mnt/d/dev/p/trading_card_games/kayou_transformers/TFH01/cards/reddit_ka64p3_01.jpg,reddit_ka64p3_01.jpg,TFH01,FALSE,NA
FALSE,UNKNOWN,NA,NA,NA,high,"This is a photo of a Transformers toy figure in packaging (Takara Tomy Studio Series), not a trading card. Shows an Autobot figure in retail packaging.",/mnt/d/dev/p/trading_card_games/kayou_transformers/TF03/cards/reddit_l45cy4_01.jpg,reddit_l45cy4_01.jpg,TF03,FALSE,NA
FALSE,UNKNOWN,NA,NA,NA,high,"This is a Transformers action figure package (Hasbro Studio Series #86), not a Kayou trading card",/mnt/d/dev/p/trading_card_games/kayou_transformers/TF03/cards/reddit_l45cy4_02.jpg,reddit_l45cy4_02.jpg,TF03,FALSE,NA
TRUE,TF02,BR,Rabbit,004,high,"Card shows 'TF02-BR-004/012' at bottom, featuring a chibi/cute-style yellow rabbit character. BR rarity not in documented TF02 system (BP/LR/AR/UR/SHR/SSR/HR/SR/R), but card clearly marked TF02. May be special promo or subset.",/mnt/d/dev/p/trading_card_games/kayou_transformers/TF02/cards/tca_br-004.jpg,tca_br-004.jpg,TF02,FALSE,NA
TRUE,TF02,HR,Grimlock,008,high,"G1 cartoon-style Grimlock in dinosaur mode, Chinese text on card borders, HR rarity clearly visible on right side, card number HR-008, matches TF01-TF03 series design aesthetic with yellow grid background",/mnt/d/dev/p/trading_card_games/kayou_transformers/TF02/cards/tca_hr-008.jpg,tca_hr-008.jpg,TF02,FALSE,NA
TRUE,TF02,HR,Ironhide,011,high,"G1 cartoon art style, Chinese text visible including 铁皮 (Ironhide), HR rarity visible on card face, card number 011, orange/yellow grid background characteristic of TF01-TF03 series",/mnt/d/dev/p/trading_card_games/kayou_transformers/TF02/cards/tca_hr-011.jpg,tca_hr-011.jpg,TF02,FALSE,NA
TRUE,TF02,HR,Mirage,012,high,"G1 cartoon style art, Chinese text '幻影' (Mirage), HR rarity holographic card with grid background pattern, card number HR-012 visible on side, typical TF01-03 series design",/mnt/d/dev/p/trading_card_games/kayou_transformers/TF02/cards/tca_hr-012.jpg,tca_hr-012.jpg,TF02,FALSE,NA
TRUE,TF02,HR,Soundwave,020,high,"G1 cartoon art style, Chinese text visible (声波/Soundwave), HR rarity code visible on card, card number HR-020 matches filename, typical TF01-TF03 design aesthetic with grid background",/mnt/d/dev/p/trading_card_games/kayou_transformers/TF02/cards/tca_hr-020.jpg,tca_hr-020.jpg,TF02,FALSE,NA
TRUE,TF02,R,Huffer,R-006,high,G1 cartoon style with Chinese text. Card number TF02-R-006/028 visible at bottom right. Character name 'HUFFER' in English visible on card. R rarity code clearly visible.,/mnt/d/dev/p/trading_card_games/kayou_transformers/TF02/cards/tca_r-006.jpg,tca_r-006.jpg,TF02,FALSE,NA
TRUE,TF02,R,Hound,R-013,high,"G1 cartoon art style, Chinese text, card number TF02-R-013/028 visible at bottom right, R rarity code matches TF02 rarity system, Autobot symbol visible, character is Hound",/mnt/d/dev/p/trading_card_games/kayou_transformers/TF02/cards/tca_r-013.jpg,tca_r-013.jpg,TF02,FALSE,NA
TRUE,TF02,R,Grimlock,R-016,high,G1 cartoon art style with Chinese text. Card clearly shows 'R-016' numbering format and R rarity marking. Grimlock (Dinobot leader) depicted in classic G1 robot mode with gold/grey color scheme.,/mnt/d/dev/p/trading_card_games/kayou_transformers/TF02/cards/tca_r-016.jpg,tca_r-016.jpg,TF02,FALSE,NA
TRUE,TF02,R,Trailbreaker,018,high,"G1 cartoon art style, Chinese text visible, card number clearly shows TF02-R-018/028, rarity R confirmed on card face",/mnt/d/dev/p/trading_card_games/kayou_transformers/TF02/cards/tca_r-018.jpg,tca_r-018.jpg,TF02,FALSE,NA
TRUE,TF02,R,Megatron,019,high,G1 cartoon style Megatron with gun mode. Card number clearly visible as TF02-R-019/028. Rarity code R visible on card. Chinese text present. Decepticon logo bottom left.,/mnt/d/dev/p/trading_card_games/kayou_transformers/TF02/cards/tca_r-019.jpg,tca_r-019.jpg,TF02,FALSE,NA
TRUE,TF02,R,Thundercracker,023,high,"G1 cartoon art style, Chinese text (破天雷/Thundercracker), Decepticon faction symbol, clear card number TF02-R-023/028 visible at bottom right, R rarity indicator",/mnt/d/dev/p/trading_card_games/kayou_transformers/TF02/cards/tca_r-023.jpg,tca_r-023.jpg,TF02,FALSE,NA
TRUE,TF02,R,Frenzy,R-025,high,Card shows G1 cartoon-style Frenzy art with Chinese text at top. Card number TF02-R-025/028 visible at bottom right. Rarity code R clearly visible. Decepticon symbol present. Matches TF02 Series 2 design pattern.,/mnt/d/dev/p/trading_card_games/kayou_transformers/TF02/cards/tca_r-025.jpg,tca_r-025.jpg,TF02,FALSE,NA
TRUE,TF02,SR,Optimus Prime,SR-001,high,"G1 cartoon art style, Chinese text (擎天柱), card code TF02-SR-001 visible at bottom right, red and blue classic Optimus Prime design, matches TF02 Series 2 characteristics",/mnt/d/dev/p/trading_card_games/kayou_transformers/TF02/cards/tca_sr-001.jpg,tca_sr-001.jpg,TF02,FALSE,NA
TRUE,TF02,SR,Swoop,012,high,"G1 cartoon style card with Chinese text overlay, clear card number TF02-SR-012/020 visible at bottom right, character name 'SWOOP' visible at bottom, SR rarity designation",/mnt/d/dev/p/trading_card_games/kayou_transformers/TF02/cards/tca_sr-012.jpg,tca_sr-012.jpg,TF02,FALSE,NA
TRUE,TF02,SR,Soundwave,015,high,"G1 cartoon art style, Chinese text visible, card number TF02-SR-015/920 printed on card, Decepticon symbol, matches TF02 Series 2 design",/mnt/d/dev/p/trading_card_games/kayou_transformers/TF02/cards/tca_sr-015.jpg,tca_sr-015.jpg,TF02,FALSE,NA
TRUE,TF02,SR,Venom,019,high,G1 cartoon style card with English tagline 'FRIENDS ARE MORE DANGEROUS THAN ENEMIES'. Card number TF02-SR-019/020 visible at bottom. Chinese text visible. Green and orange color scheme with character Venom in robot mode.,/mnt/d/dev/p/trading_card_games/kayou_transformers/TF02/cards/tca_sr-019.jpg,tca_sr-019.jpg,TF02,FALSE,NA
TRUE,TF02,SSR,Silverbolt,001,high,"G1 cartoon art style, Chinese text visible, SSR rarity marking on card bottom right, card number SSR-001 visible, shows Silverbolt (Superion torso) with Autobot insignia",/mnt/d/dev/p/trading_card_games/kayou_transformers/TF02/cards/tca_ssr-001.jpg,tca_ssr-001.jpg,TF02,FALSE,NA
TRUE,TF02,SSR,Swindle,007,high,"G1 cartoon art style, Chinese text visible, Decepticon insignia, holographic SSR card with card number TF02-SSR-007.016 visible on bottom right. Yellow/gold robot character (Swindle). Classic TF01-TF03 series design.",/mnt/d/dev/p/trading_card_games/kayou_transformers/TF02/cards/tca_ssr-007.jpg,tca_ssr-007.jpg,TF02,FALSE,NA
TRUE,TF02,UR,Optimus Prime,001,high,"G1 cartoon art style, holographic foil pattern, card number visible as TF02-UR-001/009 in bottom right corner, English character name 'OPTIMUS PRIME' on card, UR rarity consistent with TF02 rarity system",/mnt/d/dev/p/trading_card_games/kayou_transformers/TF02/cards/tca_ur-001.jpg,tca_ur-001.jpg,TF02,FALSE,NA
