timestamp,source,set_code,search_term,image_url,local_path,success
2026-02-06 10:49:12,ebay,TF01,227199105264,https://i.ebayimg.com/images/g/v78AAeSwy7FpgFR3/s-l1600.jpg,TF01/cards/ebay_227199105264_01.jpg,TRUE
2026-02-06 10:49:14,ebay,TF01,227199105264,https://i.ebayimg.com/images/g/~HEAAeSwRUxpgFR7/s-l1600.jpg,TF01/cards/ebay_227199105264_02.jpg,TRUE
2026-02-06 10:49:16,ebay,TF01,227199105264,https://i.ebayimg.com/images/g/CRUAAeSw-FJpgFR~/s-l1600.jpg,TF01/cards/ebay_227199105264_03.jpg,TRUE
2026-02-06 10:49:19,ebay,TF01,227199105264,https://i.ebayimg.com/images/g/2a0AAOSwUMpnYKzp/s-l1600.jpg,TF01/cards/ebay_227199105264_04.jpg,TRUE
2026-02-06 10:49:21,ebay,TF01,227199105264,https://i.ebayimg.com/images/g/r-wAAOSwUsVoLwx7/s-l1600.jpg,TF01/cards/ebay_227199105264_05.jpg,TRUE
2026-02-06 10:49:23,ebay,TF01,227199105264,https://i.ebayimg.com/images/g/sO8AAOSwAxxoLvog/s-l1600.jpg,TF01/cards/ebay_227199105264_06.jpg,TRUE
2026-02-06 10:49:26,ebay,TF01,227199105264,https://i.ebayimg.com/images/g/Y4MAAOSwgKtoM~ao/s-l1600.jpg,TF01/cards/ebay_227199105264_07.jpg,TRUE
2026-02-06 10:49:28,ebay,TF01,227199105264,https://i.ebayimg.com/images/g/E9sAAOSwyKZoLwiT/s-l1600.jpg,TF01/cards/ebay_227199105264_08.jpg,TRUE
2026-02-06 10:49:30,ebay,TF01,227199105264,https://i.ebayimg.com/images/g/UIwAAOSwCUBilG~A/s-l1600.jpg,TF01/cards/ebay_227199105264_09.jpg,TRUE
2026-02-06 10:49:33,ebay,TF01,227199105264,https://i.ebayimg.com/images/g/AFIAAOSwS8NoLxiL/s-l1600.jpg,TF01/cards/ebay_227199105264_10.jpg,TRUE
2026-02-06 10:49:35,ebay,TF01,227199105264,https://i.ebayimg.com/images/g/lvoAAOSwdulnYM-4/s-l1600.jpg,TF01/cards/ebay_227199105264_11.jpg,TRUE
2026-02-06 10:49:37,ebay,TF01,227199105264,https://i.ebayimg.com/images/g/IC8AAOSwhfFoM~o0/s-l1600.jpg,TF01/cards/ebay_227199105264_12.jpg,TRUE
2026-02-06 10:49:40,ebay,TF01,227199105264,https://i.ebayimg.com/images/g/1tIAAOSweM5kSqsu/s-l1600.jpg,TF01/cards/ebay_227199105264_13.jpg,TRUE
2026-02-06 10:49:42,ebay,TF01,227199105264,https://i.ebayimg.com/images/g/WE0AAOxyhPxREy1D/s-l1600.jpg,TF01/cards/ebay_227199105264_14.jpg,TRUE
2026-02-06 10:49:44,ebay,TF01,227199105264,https://i.ebayimg.com/images/g/8DwAAOSw4mJnSorO/s-l1600.jpg,TF01/cards/ebay_227199105264_15.jpg,TRUE
2026-02-06 10:49:47,ebay,TF01,227199105264,https://i.ebayimg.com/images/g/UlcAAeSwFhRpM9TW/s-l1600.jpg,TF01/cards/ebay_227199105264_16.jpg,TRUE
2026-02-06 10:49:49,ebay,TF01,227199105264,https://i.ebayimg.com/images/g/4DgAAeSwfzxpCWxx/s-l1600.jpg,TF01/cards/ebay_227199105264_17.jpg,TRUE
2026-02-06 10:49:51,ebay,TF01,227199105264,https://i.ebayimg.com/images/g/V0UAAeSwTklpM9Uw/s-l1600.jpg,TF01/cards/ebay_227199105264_18.jpg,TRUE
2026-02-06 10:49:53,ebay,TF01,227199105264,https://i.ebayimg.com/images/g/IHMAAeSwMrlpM9UU/s-l1600.jpg,TF01/cards/ebay_227199105264_19.jpg,TRUE
2026-02-06 10:49:55,ebay,TF01,227199105264,https://i.ebayimg.com/images/g/CIUAAeSwpwhogY5u/s-l1600.jpg,TF01/cards/ebay_227199105264_20.jpg,TRUE
2026-02-06 15:16:49,reddit,TF03,kayou transformers series 3,https://preview.redd.it/rzejyo5emr4g1.jpg?width=794&format=pjpg&auto=webp&s=e0c3f02a4866d6568b845c59eb01a8178360193b,TF03/cards/reddit_1pc4s8y_01.jpg,TRUE
2026-02-06 15:16:49,reddit,TF03,kayou transformers series 3,https://preview.redd.it/gwgr4v4emr4g1.jpg?width=796&format=pjpg&auto=webp&s=b07bad09e61149d690a5d624db94a2f6c7b8e85b,TF03/cards/reddit_1pc4s8y_02.jpg,TRUE
2026-02-06 15:17:32,reddit,TF03,kayou transformers series 3,https://preview.redd.it/7myjx25gt8yf1.jpg?width=833&format=pjpg&auto=webp&s=d8005a488ad2e7bebad24a6a52b2958d44f84d8f,TF03/cards/reddit_1ojyd35_01.jpg,TRUE
2026-02-06 15:17:32,reddit,TF03,kayou transformers series 3,https://preview.redd.it/5ahghn9gt8yf1.jpg?width=683&format=pjpg&auto=webp&s=ee7da493babbed30b8ef0c20337ecbd5e17b967d,TF03/cards/reddit_1ojyd35_02.jpg,TRUE
2026-02-06 15:17:32,reddit,TF03,kayou transformers series 3,https://preview.redd.it/xugxgl7gt8yf1.jpg?width=816&format=pjpg&auto=webp&s=fe5478b2c7bd7e46ee1040200d7894325968940b,TF03/cards/reddit_1ojyd35_03.jpg,TRUE
2026-02-06 15:17:32,reddit,TF03,kayou transformers series 3,https://preview.redd.it/6lww633gt8yf1.jpg?width=200&format=pjpg&auto=webp&s=4e28829317d52016addd3d17b14c55fdde83b589,TF03/cards/reddit_1ojyd35_04.jpg,TRUE
2026-02-06 15:17:32,reddit,TF03,kayou transformers series 3,https://external-preview.redd.it/Gnqez_rVp8NcdOBa8L-6ONow7fL2HvT9GScH2nmH9PU.jpeg?auto=webp&s=e1c74de93847695153257a9ae8d7a36ad3c31539,TF03/cards/reddit_1liz6an_01.jpeg,TRUE
2026-02-06 15:17:33,reddit,TF03,kayou transformers series 3,https://preview.redd.it/qqiyew1i9s8f1.jpg?width=2000&format=pjpg&auto=webp&s=d1f6ae69b5254226b723ff2a709fe94cc789de12,TF03/cards/reddit_1liz6an_02.jpg,TRUE
2026-02-06 15:17:33,reddit,TF03,kayou transformers series 3,https://preview.redd.it/bfhqnv7i9s8f1.jpg?width=2000&format=pjpg&auto=webp&s=c776814d66ef5e08410b7593c053ee077c8ad6a5,TF03/cards/reddit_1liz6an_03.jpg,TRUE
2026-02-06 15:17:32,reddit,TF03,kayou transformers series 3,https://preview.redd.it/n4q175gi9s8f1.jpg?width=2000&format=pjpg&auto=webp&s=472730bdc0018e8aad133f9c72a7c33807695ed4,TF03/cards/reddit_1liz6an_04.jpg,TRUE
2026-02-06 15:17:37,reddit,TF03,kayou transformers series 3,https://preview.redd.it/znw21vli9s8f1.jpg?width=2000&format=pjpg&auto=webp&s=3c99a2cc4847856c63a6b7f13801b203dd4f0d45,TF03/cards/reddit_1liz6an_05.jpg,TRUE
2026-02-06 15:17:33,reddit,TF03,kayou transformers series 3,https://preview.redd.it/65wvf6vi9s8f1.jpg?width=2000&format=pjpg&auto=webp&s=467969d9bc8d4268de137025c425b824ecf6fdb0,TF03/cards/reddit_1liz6an_06.jpg,TRUE
2026-02-06 15:17:33,reddit,TF03,kayou transformers series 3,https://preview.redd.it/zo1r4qyi9s8f1.jpg?width=2000&format=pjpg&auto=webp&s=cb1cb6519d35d465555ee432c72ac0fbb12fc761,TF03/cards/reddit_1liz6an_07.jpg,TRUE
2026-02-06 15:17:33,reddit,TF03,kayou transformers series 3,https://preview.redd.it/t5c8yp2j9s8f1.jpg?width=2000&format=pjpg&auto=webp&s=f07559edf765b2dc68b80f26968fe99597b9575b,TF03/cards/reddit_1liz6an_08.jpg,TRUE
2026-02-06 15:17:38,reddit,TF03,kayou transformers series 3,https://preview.redd.it/tt0d486j9s8f1.jpg?width=2000&format=pjpg&auto=webp&s=c8958409e420063c4c79c77c6cace64a18dbbe08,TF03/cards/reddit_1liz6an_09.jpg,TRUE
2026-02-06 15:17:38,reddit,TF03,kayou transformers series 3,https://preview.redd.it/2bmarpbj9s8f1.jpg?width=2000&format=pjpg&auto=webp&s=36a43576db9a338283247230154c04213024d409,TF03/cards/reddit_1liz6an_10.jpg,TRUE
2026-02-06 15:17:39,reddit,TF03,kayou transformers series 3,https://preview.redd.it/il4ihrfj9s8f1.jpg?width=2000&format=pjpg&auto=webp&s=69f53605a3cc78a9a017c2402498114f507094b8,TF03/cards/reddit_1liz6an_11.jpg,TRUE
2026-02-06 15:16:49,reddit,TF03,kayou transformers series 3,https://preview.redd.it/2yvri8jj9s8f1.jpg?width=2000&format=pjpg&auto=webp&s=4d73adee83b3322fc089dfa170a079fcc2b445b2,TF03/cards/reddit_1liz6an_12.jpg,TRUE
2026-02-06 15:17:43,reddit,TF03,kayou transformers series 3,https://preview.redd.it/s86tkmmj9s8f1.jpg?width=2000&format=pjpg&auto=webp&s=14b3a08e712a350bb3a14180fe8fdd47afd38ea6,TF03/cards/reddit_1liz6an_13.jpg,TRUE
2026-02-06 15:17:43,reddit,TF03,kayou transformers series 3,https://preview.redd.it/9a9xcupj9s8f1.jpg?width=2000&format=pjpg&auto=webp&s=d4d4ee1ae95dd021c33698dcc46875d8ee8cb87c,TF03/cards/reddit_1liz6an_14.jpg,TRUE
2026-02-06 15:17:43,reddit,TF03,kayou transformers series 3,https://preview.redd.it/dt04rctj9s8f1.jpg?width=2000&format=pjpg&auto=webp&s=7b2e9f6ed60e02c6b42c084db5db844a514c5ae1,TF03/cards/reddit_1liz6an_15.jpg,TRUE
2026-02-06 15:17:43,reddit,TF03,kayou transformers series 3,https://preview.redd.it/qixlghwj9s8f1.jpg?width=2000&format=pjpg&auto=webp&s=40dde1d337ab96014b1bbfbd27affdc08f41dcf9,TF03/cards/reddit_1liz6an_16.jpg,TRUE
2026-02-06 15:17:44,reddit,TF03,kayou transformers series 3,https://preview.redd.it/u4lez40k9s8f1.jpg?width=2000&format=pjpg&auto=webp&s=c8a17af93097a68768ee20bcf50acd00b7452829,TF03/cards/reddit_1liz6an_17.jpg,TRUE
2026-02-06 15:17:44,reddit,TF03,kayou transformers series 3,https://preview.redd.it/whm3kd3k9s8f1.jpg?width=2000&format=pjpg&auto=webp&s=3a3549cfcbacb889c5d20a2817c306505c8c2c5b,TF03/cards/reddit_1liz6an_18.jpg,TRUE
2026-02-06 15:17:44,reddit,TF03,kayou transformers series 3,https://preview.redd.it/o58xew6k9s8f1.png?width=741&format=png&auto=webp&s=ce64a4dfd99efae2392d3bb00b8b66efaa7dfbce,TF03/cards/reddit_1liz6an_19.png,TRUE
2026-02-06 15:17:44,reddit,TF03,kayou transformers series 3,https://preview.redd.it/4karxpbk9s8f1.png?width=741&format=png&auto=webp&s=5837f2a00cd766315f43ea11d2970ac4707c2a01,TF03/cards/reddit_1liz6an_20.png,TRUE
2026-02-06 15:17:42,reddit,TF03,kayou transformers series 3,https://preview.redd.it/jvq9h6hk9s8f1.png?width=741&format=png&auto=webp&s=ae6ac00752507c9b39d3877816850304324e87f8,TF03/cards/reddit_1liz6an_21.png,TRUE
2026-02-06 15:17:44,reddit,TF03,kayou transformers series 3,https://i.redd.it/22omzwn9m57f1.jpeg,TF03/cards/reddit_1lcar2a_01.jpeg,TRUE
2026-02-06 15:17:44,reddit,TF03,kayou transformers series 3,https://preview.redd.it/22omzwn9m57f1.jpeg?auto=webp&s=a4d7c3b2985a0711e0e121bfcd88e6148d589593,TF03/cards/reddit_1lcar2a_02.jpeg,TRUE
2026-02-06 15:17:44,reddit,TF03,kayou transformers series 3,https://i.redd.it/p2xmiu4128tf1.jpeg,TF03/cards/reddit_1nyewd6_01.jpeg,TRUE
2026-02-06 15:17:44,reddit,TF03,kayou transformers series 3,https://preview.redd.it/p2xmiu4128tf1.jpeg?auto=webp&s=5b03c352787084b1cea39bb841dfb403fd1bf9f0,TF03/cards/reddit_1nyewd6_02.jpeg,TRUE
2026-02-06 15:17:44,reddit,TF03,kayou transformers series 3,https://i.redd.it/5c5cigfett4f1.jpeg,TF03/cards/reddit_1l2v2ls_01.jpeg,TRUE
2026-02-06 15:17:44,reddit,TF03,kayou transformers series 3,https://preview.redd.it/5c5cigfett4f1.jpeg?auto=webp&s=72e4d5474f63983996198888d01e71d80dc8aa8f,TF03/cards/reddit_1l2v2ls_02.jpeg,TRUE
2026-02-06 15:17:51,reddit,TF03,kayou transformers series 3,https://preview.redd.it/4h2t2hzmk0ag1.png?width=3098&format=png&auto=webp&s=48bf3a413d9b012f4f881798f4cbd408cb7145cd,TF03/cards/reddit_1py394k_01.png,TRUE
2026-02-06 15:17:47,reddit,TF03,kayou transformers series 3,https://preview.redd.it/jpsg3ycnk0ag1.png?width=3098&format=png&auto=webp&s=f698d5f2f2f482efe5dfad876c8345d31cab2c54,TF03/cards/reddit_1py394k_02.png,TRUE
2026-02-06 15:17:47,reddit,TF03,kayou transformers series 3,https://preview.redd.it/s7ptuopnk0ag1.png?width=3098&format=png&auto=webp&s=6a0784d1a1bf4ca7d19d201d40308a8d3690c215,TF03/cards/reddit_1py394k_03.png,TRUE
2026-02-06 15:16:51,reddit,TF03,kayou transformers series 3,https://preview.redd.it/1aaaa9xnk0ag1.png?width=3098&format=png&auto=webp&s=7765911581fdd5d7341f164d569d814a797d9cb0,TF03/cards/reddit_1py394k_04.png,TRUE
2026-02-06 15:17:35,reddit,TF03,kayou transformers series 3,https://preview.redd.it/fs7oh94ok0ag1.png?width=3098&format=png&auto=webp&s=9a15c3320aecfe43c82c0fc7e3a3dcacf48c1dd0,TF03/cards/reddit_1py394k_05.png,TRUE
2026-02-06 15:17:34,reddit,TF03,kayou transformers series 3,https://preview.redd.it/h38fkjhok0ag1.png?width=3098&format=png&auto=webp&s=fa517c18c6cf50375ab15db3a431291bfa0b066b,TF03/cards/reddit_1py394k_06.png,TRUE
2026-02-06 15:17:36,reddit,TF03,kayou transformers series 3,https://preview.redd.it/05ndkjook0ag1.png?width=3098&format=png&auto=webp&s=9c9188aa8fa26ab4d950735eb3e3ddab51b602e0,TF03/cards/reddit_1py394k_07.png,TRUE
2026-02-06 15:17:36,reddit,TF03,kayou transformers series 3,https://preview.redd.it/z513ig0pk0ag1.png?width=3098&format=png&auto=webp&s=f0ecfa8b94e5fcd71c9075f936e4927fb1b0d45f,TF03/cards/reddit_1py394k_08.png,TRUE
2026-02-06 15:17:37,reddit,TF03,kayou transformers series 3,https://preview.redd.it/k7zne57pk0ag1.png?width=3098&format=png&auto=webp&s=ba25b21d6755ddc84e8f93f0869f8f80f4e78b80,TF03/cards/reddit_1py394k_09.png,TRUE
2026-02-06 15:17:38,reddit,TF03,kayou transformers series 3,https://preview.redd.it/hafgn0epk0ag1.png?width=3098&format=png&auto=webp&s=ce61280a24d09866641833651e96a41b30296bc9,TF03/cards/reddit_1py394k_10.png,TRUE
2026-02-06 15:17:39,reddit,TF03,kayou transformers series 3,https://preview.redd.it/903h4qkpk0ag1.png?width=3098&format=png&auto=webp&s=0c7e45570963dceda4b0bddcad55c9105125d32c,TF03/cards/reddit_1py394k_11.png,TRUE
2026-02-06 15:17:34,reddit,TF03,kayou transformers series 3,https://preview.redd.it/jsviz1spk0ag1.png?width=3098&format=png&auto=webp&s=49d52a415fda91dd9d9d9a0cf3b2a3815f77e30c,TF03/cards/reddit_1py394k_12.png,TRUE
2026-02-06 15:17:41,reddit,TF03,kayou transformers series 3,https://preview.redd.it/g9x9uxxpk0ag1.png?width=3098&format=png&auto=webp&s=3760be3c988413a6043db06a93764af4c30129b2,TF03/cards/reddit_1py394k_13.png,TRUE
2026-02-06 15:17:42,reddit,TF03,kayou transformers series 3,https://preview.redd.it/ccs3cw3qk0ag1.png?width=3098&format=png&auto=webp&s=7d582fe4f3579c24c1d2fc06e283977898aadff1,TF03/cards/reddit_1py394k_14.png,TRUE
2026-02-06 15:17:43,reddit,TF03,kayou transformers series 3,https://preview.redd.it/a3k07s9qk0ag1.png?width=3098&format=png&auto=webp&s=d3c026fff3e4105b2647bd5c6c20203036a023c6,TF03/cards/reddit_1py394k_15.png,TRUE
2026-02-06 15:17:48,reddit,TF03,kayou transformers series 3,https://preview.redd.it/t129qohqk0ag1.png?width=3098&format=png&auto=webp&s=23252344d0fe907126238de1215fba60ee585755,TF03/cards/reddit_1py394k_16.png,TRUE
2026-02-06 15:17:41,reddit,TF03,kayou transformers series 3,https://preview.redd.it/em71cnnqk0ag1.png?width=3098&format=png&auto=webp&s=5543ce2381d397f85bc71567f6ebd5ce2b051191,TF03/cards/reddit_1py394k_17.png,TRUE
2026-02-06 15:17:40,reddit,TF03,kayou transformers series 3,https://preview.redd.it/b7axvqyqk0ag1.png?width=3098&format=png&auto=webp&s=a7dde5d81c5f63b12c556e2f7d601a0c2d28d232,TF03/cards/reddit_1py394k_18.png,TRUE
2026-02-06 15:17:42,reddit,TF03,kayou transformers series 3,https://i.redd.it/dpc2zmo2vbd61.jpg,TF03/cards/reddit_l45cy4_01.jpg,TRUE
2026-02-06 15:16:50,reddit,TF03,kayou transformers series 3,https://preview.redd.it/dpc2zmo2vbd61.jpg?auto=webp&s=14ddd0a0dbb7ead3e5dc55453bc137b0ff8f6f48,TF03/cards/reddit_l45cy4_02.jpg,TRUE
2026-02-06 15:16:51,reddit,TF03,kayou transformers series 3,https://preview.redd.it/tc915mmqtk5c1.jpg?width=1988&format=pjpg&auto=webp&s=afdf78d2881917a7fb859dcf214ad87b64b6c36d,TF03/cards/reddit_18fk0us_01.jpg,TRUE
2026-02-06 15:16:51,reddit,TF03,kayou transformers series 3,https://preview.redd.it/kqm70nmqtk5c1.jpg?width=1988&format=pjpg&auto=webp&s=821ae9586909a5e30f6634f5a2b24cd0d47aff6c,TF03/cards/reddit_18fk0us_02.jpg,TRUE
2026-02-06 15:16:54,reddit,TF03,kayou transformers series 3,https://preview.redd.it/35smcmmqtk5c1.jpg?width=3976&format=pjpg&auto=webp&s=9f9e2a9f2e61894792d666100c38292d8c2ab062,TF03/cards/reddit_18fk0us_03.jpg,TRUE
2026-02-06 15:16:53,reddit,TF03,kayou transformers series 3,https://preview.redd.it/6g2xqmmqtk5c1.jpg?width=1988&format=pjpg&auto=webp&s=13ab482b660177b523324b42683eb0f25dd4ffcb,TF03/cards/reddit_18fk0us_04.jpg,TRUE
2026-02-06 15:16:52,reddit,TF03,kayou transformers series 3,https://preview.redd.it/tcgq7odjamvb1.jpg?width=1247&format=pjpg&auto=webp&s=5600771e9caf91e180ca2711167e1b52e9691c2a,TF03/cards/reddit_17dbwpz_01.jpg,TRUE
2026-02-06 15:16:52,reddit,TF03,kayou transformers series 3,https://preview.redd.it/bjc6brdjamvb1.jpg?width=584&format=pjpg&auto=webp&s=2b9f678d8a3b2ceacf027f5ae548b9a14ef39861,TF03/cards/reddit_17dbwpz_02.jpg,TRUE
2026-02-06 15:16:52,reddit,TF03,kayou transformers series 3,https://preview.redd.it/ty9wswdjamvb1.jpg?width=1247&format=pjpg&auto=webp&s=958d573b1b09bd4839ee1ae3b9102c50eb1d09a7,TF03/cards/reddit_17dbwpz_03.jpg,TRUE
2026-02-06 15:16:52,reddit,TF03,kayou transformers series 3,https://preview.redd.it/q2wguwdjamvb1.jpg?width=1247&format=pjpg&auto=webp&s=5280c549b697e11bc13f9afd35a6132d263df4f2,TF03/cards/reddit_17dbwpz_04.jpg,TRUE
2026-02-06 15:16:53,reddit,TF03,kayou transformers series 3,https://preview.redd.it/9ysltxdjamvb1.jpg?width=1247&format=pjpg&auto=webp&s=42894b6da39d08555e29dfd897755bfb682f018d,TF03/cards/reddit_17dbwpz_05.jpg,TRUE
2026-02-06 15:16:53,reddit,TF03,kayou transformers series 3,https://i.redd.it/2nwd3pb3dabf1.jpeg,TF03/cards/reddit_1lt6l50_01.jpeg,TRUE
2026-02-06 15:16:53,reddit,TF03,kayou transformers series 3,https://preview.redd.it/2nwd3pb3dabf1.jpeg?auto=webp&s=77cbc2463602bbb63d2ab3993bd0ee16a9b85610,TF03/cards/reddit_1lt6l50_02.jpeg,TRUE
2026-02-06 15:16:55,reddit,TF03,kayou transformers series 3,https://preview.redd.it/omg3e4c9vm8g1.png?width=2941&format=png&auto=webp&s=9a13b637c36d5fe3b16a2ed6dde81e9084decf2a,TF03/cards/reddit_1psixlw_01.png,TRUE
2026-02-06 15:16:55,reddit,TF03,kayou transformers series 3,https://preview.redd.it/gsmwlno9vm8g1.png?width=3060&format=png&auto=webp&s=17f32f5db020756244676f1d0ae52d044b142e50,TF03/cards/reddit_1psixlw_02.png,TRUE
2026-02-06 15:16:56,reddit,TF03,kayou transformers series 3,https://preview.redd.it/8jynh31avm8g1.png?width=3060&format=png&auto=webp&s=b1ca6e7b47d2458a346ad1bd885d8d06b2fa20d1,TF03/cards/reddit_1psixlw_03.png,TRUE
2026-02-06 15:16:55,reddit,TF03,kayou transformers series 3,https://preview.redd.it/s0kafvdavm8g1.png?width=2989&format=png&auto=webp&s=f416204c4acfbe4da3c47bdfdf7083336206b460,TF03/cards/reddit_1psixlw_04.png,TRUE
2026-02-06 15:16:56,reddit,TF03,kayou transformers series 3,https://preview.redd.it/vmr5ibhavm8g1.png?width=2832&format=png&auto=webp&s=5b07fa36c63ee54cf116c63779433b8523a1d16e,TF03/cards/reddit_1psixlw_05.png,TRUE
2026-02-06 15:16:57,reddit,TF03,kayou transformers series 3,https://preview.redd.it/uhdceykavm8g1.png?width=3060&format=png&auto=webp&s=954c8dbad14cda6db1344aee95913dd8cc1e03d8,TF03/cards/reddit_1psixlw_06.png,TRUE
2026-02-06 15:16:57,reddit,TF03,kayou transformers series 3,https://preview.redd.it/xo9xjkravm8g1.png?width=2987&format=png&auto=webp&s=c859a4d85b72b609b4eb75f8aa1a9dd09ce6eecb,TF03/cards/reddit_1psixlw_07.png,TRUE
2026-02-06 15:16:58,reddit,TF03,kayou transformers series 3,https://preview.redd.it/h8oqahvavm8g1.png?width=2922&format=png&auto=webp&s=259b5e5f7588bbbb93d7ea02358255faf12b87c2,TF03/cards/reddit_1psixlw_08.png,TRUE
2026-02-06 15:16:58,reddit,TF03,kayou transformers series 3,https://preview.redd.it/ebv0l2zavm8g1.png?width=3027&format=png&auto=webp&s=5c0d529156188c5d7e9878235042d35ef83704ea,TF03/cards/reddit_1psixlw_09.png,TRUE
2026-02-06 15:17:01,reddit,TF03,kayou transformers series 3,https://preview.redd.it/ad76umbbvm8g1.png?width=3060&format=png&auto=webp&s=a58c64b931ce8b2c997e060e6ae1a4703e1e55d5,TF03/cards/reddit_1psixlw_10.png,TRUE
2026-02-06 15:16:59,reddit,TF03,kayou transformers series 3,https://preview.redd.it/qgxcpbfbvm8g1.png?width=3060&format=png&auto=webp&s=6fc29a66d7fc3d58ad901fa32dba588b9e2065b3,TF03/cards/reddit_1psixlw_11.png,TRUE
2026-02-06 15:16:59,reddit,TF03,kayou transformers series 3,https://preview.redd.it/qb0olzibvm8g1.png?width=2560&format=png&auto=webp&s=8750af13a1b23db0446330d610f81d7440c6c639,TF03/cards/reddit_1psixlw_12.png,TRUE
2026-02-06 15:17:00,reddit,TF03,kayou transformers series 3,https://preview.redd.it/k1jkipmbvm8g1.png?width=1708&format=png&auto=webp&s=b9dd2e59b8d0388d2e9612c88ebbba5c14c0cac5,TF03/cards/reddit_1psixlw_13.png,TRUE
2026-02-06 15:17:01,reddit,TF03,kayou transformers series 3,https://preview.redd.it/wvvya7qbvm8g1.png?width=2865&format=png&auto=webp&s=b2ae5f57b8ef0555db5e9b37e7e0b0735fc94e44,TF03/cards/reddit_1psixlw_14.png,TRUE
2026-02-06 15:17:04,reddit,TF03,kayou transformers series 3,https://preview.redd.it/foy4vowbvm8g1.png?width=2695&format=png&auto=webp&s=b9c64c2a8476440e0956f9f8e7a5c410aa5ba97e,TF03/cards/reddit_1psixlw_15.png,TRUE
2026-02-06 15:17:02,reddit,TF03,kayou transformers series 3,https://i.redd.it/n7r3xl6o1wxf1.jpeg,TF03/cards/reddit_1oifvqy_01.jpeg,TRUE
2026-02-06 15:17:02,reddit,TF03,kayou transformers series 3,https://preview.redd.it/n7r3xl6o1wxf1.jpeg?auto=webp&s=1ab97d1e616540658cedd725438baa2ab367c334,TF03/cards/reddit_1oifvqy_02.jpeg,TRUE
2026-02-06 15:17:02,reddit,TF03,kayou transformers series 3,https://i.redd.it/sjstiku5d6xf1.jpeg,TF03/cards/reddit_1ofh2s6_01.jpeg,TRUE
2026-02-06 15:17:02,reddit,TF03,kayou transformers series 3,https://preview.redd.it/sjstiku5d6xf1.jpeg?auto=webp&s=0cea1e67b735a8b4e60b6aff9d9fdb062017362d,TF03/cards/reddit_1ofh2s6_02.jpeg,TRUE
2026-02-06 15:17:02,reddit,TF03,kayou transformers series 3,https://preview.redd.it/3ov0brff7khg1.jpg?width=960&format=pjpg&auto=webp&s=3e28c80d385b38d9b13a6f4ce55d5315e67aa8de,TF03/cards/reddit_1qw45qe_01.jpg,TRUE
2026-02-06 15:17:02,reddit,TF03,kayou transformers series 3,https://preview.redd.it/830ejqff7khg1.jpg?width=1035&format=pjpg&auto=webp&s=3a558455ec904d494cb15125cb8b0b79ac85c7d3,TF03/cards/reddit_1qw45qe_02.jpg,TRUE
2026-02-06 15:17:02,reddit,TF03,kayou transformers series 3,https://preview.redd.it/ants5rff7khg1.jpg?width=1000&format=pjpg&auto=webp&s=2b90d83e479e873b314016fb48d25a5d1d0b1747,TF03/cards/reddit_1qw45qe_03.jpg,TRUE
2026-02-06 15:17:02,reddit,TF03,kayou transformers series 3,https://preview.redd.it/i3lah40jf72c1.jpg?width=860&format=pjpg&auto=webp&s=386bafa4edf81000f007770a79cd2f401f541da1,TF03/cards/reddit_182h26x_01.jpg,TRUE
2026-02-06 15:17:02,reddit,TF03,kayou transformers series 3,https://preview.redd.it/p1i2l40jf72c1.jpg?width=860&format=pjpg&auto=webp&s=655ac0f79e353e80beb955be4442333220f7478a,TF03/cards/reddit_182h26x_02.jpg,TRUE
2026-02-06 15:17:02,reddit,TF03,kayou transformers series 3,https://preview.redd.it/64lj650jf72c1.jpg?width=860&format=pjpg&auto=webp&s=787ecd97c8411d9ba673ca51c80ffed0f7868784,TF03/cards/reddit_182h26x_03.jpg,TRUE
2026-02-06 15:17:02,reddit,TF03,kayou transformers series 3,https://preview.redd.it/cu24r40jf72c1.jpg?width=860&format=pjpg&auto=webp&s=9664f32f4cb61acc8a98a2795042b06c0c064e90,TF03/cards/reddit_182h26x_04.jpg,TRUE
2026-02-06 15:17:04,reddit,TF03,kayou transformers series 3,https://preview.redd.it/2phft0bebynf1.jpg?width=3072&format=pjpg&auto=webp&s=2a29f68ef04eb6cf6c3fc889e96d430ce1d1acbf,TF03/cards/reddit_1nbp9p7_01.jpg,TRUE
2026-02-06 15:17:04,reddit,TF03,kayou transformers series 3,https://preview.redd.it/8r5jt3eebynf1.jpg?width=3072&format=pjpg&auto=webp&s=5996947cd449ee579d1c663d4e69cf5650c6123f,TF03/cards/reddit_1nbp9p7_02.jpg,TRUE
2026-02-06 15:17:04,reddit,TF03,kayou transformers series 3,https://preview.redd.it/v63amhgebynf1.jpg?width=3072&format=pjpg&auto=webp&s=579980a5bd8b066cb5062d823b0f87cbc7146088,TF03/cards/reddit_1nbp9p7_03.jpg,TRUE
2026-02-06 15:17:05,reddit,TF03,kayou transformers series 3,https://preview.redd.it/vm1om6iebynf1.jpg?width=3072&format=pjpg&auto=webp&s=baa4ded17d1c5b7c07cfcbb1227a259d88b8cbcf,TF03/cards/reddit_1nbp9p7_04.jpg,TRUE
2026-02-06 15:17:05,reddit,TF03,kayou transformers series 3,https://preview.redd.it/u5o8qqjebynf1.jpg?width=3072&format=pjpg&auto=webp&s=b9a4c66475858312eb1fbe5941b48920137c6e43,TF03/cards/reddit_1nbp9p7_05.jpg,TRUE
2026-02-06 15:17:05,reddit,TF03,kayou transformers series 3,https://preview.redd.it/9ivgoukebynf1.jpg?width=3072&format=pjpg&auto=webp&s=32111fc9e441b8bd5e462920ff7451be58e6a46a,TF03/cards/reddit_1nbp9p7_06.jpg,TRUE
2026-02-06 15:17:06,reddit,TF03,kayou transformers series 3,https://preview.redd.it/gyg7nqmebynf1.jpg?width=3072&format=pjpg&auto=webp&s=be6621fd3de234c719924e0bf5a9cacb43c44db1,TF03/cards/reddit_1nbp9p7_07.jpg,TRUE
2026-02-06 15:17:06,reddit,TF03,kayou transformers series 3,https://preview.redd.it/4va9pxnebynf1.jpg?width=3072&format=pjpg&auto=webp&s=4f620539784ce29a10aeaa5140b1e50d903fe6f1,TF03/cards/reddit_1nbp9p7_08.jpg,TRUE
2026-02-06 15:17:07,reddit,TF03,kayou transformers series 3,https://preview.redd.it/fhp091pebynf1.jpg?width=3072&format=pjpg&auto=webp&s=91ce955f79c5fce74adb80610d9794416e34efcd,TF03/cards/reddit_1nbp9p7_09.jpg,TRUE
2026-02-06 15:17:07,reddit,TF03,kayou transformers series 3,https://preview.redd.it/6qzpl9qebynf1.jpg?width=3072&format=pjpg&auto=webp&s=98d16145c83aee59fa363ee377236a7dc37fb85d,TF03/cards/reddit_1nbp9p7_10.jpg,TRUE
2026-02-06 15:17:07,reddit,TF03,kayou transformers series 3,https://preview.redd.it/xsfd09sebynf1.jpg?width=3072&format=pjpg&auto=webp&s=e73168a35913a780358f066c8f105388c523aa81,TF03/cards/reddit_1nbp9p7_11.jpg,TRUE
2026-02-06 15:17:08,reddit,TF03,kayou transformers series 3,https://preview.redd.it/cau99ptebynf1.jpg?width=3072&format=pjpg&auto=webp&s=c937af6f1908682993c576e81543e54433896ba1,TF03/cards/reddit_1nbp9p7_12.jpg,TRUE
2026-02-06 15:17:08,reddit,TF03,kayou transformers series 3,https://preview.redd.it/1nc8dtuebynf1.jpg?width=3072&format=pjpg&auto=webp&s=efa02af5c5c331857bbd3fdc8c4470c527040ee1,TF03/cards/reddit_1nbp9p7_13.jpg,TRUE
2026-02-06 15:17:08,reddit,TF03,kayou transformers series 3,https://preview.redd.it/jje286webynf1.jpg?width=3072&format=pjpg&auto=webp&s=65515859642cd9e2048c5d366381c4ae979416ee,TF03/cards/reddit_1nbp9p7_14.jpg,TRUE
2026-02-06 15:17:09,reddit,TF03,kayou transformers series 3,https://preview.redd.it/bthzp9xebynf1.jpg?width=3072&format=pjpg&auto=webp&s=67b8584066387b9fc6a7b8a4f919ea40381446e2,TF03/cards/reddit_1nbp9p7_15.jpg,TRUE
2026-02-06 15:17:09,reddit,TF03,kayou transformers series 3,https://preview.redd.it/qpe2npyebynf1.jpg?width=3072&format=pjpg&auto=webp&s=d678c7c4db7124a98e5f118bb7c47e7a3ae72299,TF03/cards/reddit_1nbp9p7_16.jpg,TRUE
2026-02-06 15:17:09,reddit,TF03,kayou transformers series 3,https://preview.redd.it/kxvtc60fbynf1.jpg?width=3072&format=pjpg&auto=webp&s=d2b14b3bf8b74b7d24a4416c67ada04879bb7124,TF03/cards/reddit_1nbp9p7_17.jpg,TRUE
2026-02-06 15:17:09,reddit,TF03,kayou transformers series 3,https://preview.redd.it/7lvdve1fbynf1.jpg?width=3072&format=pjpg&auto=webp&s=c0f9d42b099ab28c979298e6e13763446274befd,TF03/cards/reddit_1nbp9p7_18.jpg,TRUE
2026-02-06 15:17:10,reddit,TF03,kayou transformers series 3,https://preview.redd.it/923xal2fbynf1.jpg?width=3072&format=pjpg&auto=webp&s=4a52123ae88588972bf649b97900def042103c83,TF03/cards/reddit_1nbp9p7_19.jpg,TRUE
2026-02-06 15:17:11,reddit,TF03,kayou transformers series 3,https://preview.redd.it/uqi07r3fbynf1.jpg?width=3072&format=pjpg&auto=webp&s=0edbbf6abdaa1ed59964f73164cc47298c4449f2,TF03/cards/reddit_1nbp9p7_20.jpg,TRUE
2026-02-06 15:17:09,reddit,TF03,kayou transformers series 3,https://preview.redd.it/89hjjzhb8tfc1.jpg?width=2448&format=pjpg&auto=webp&s=29bcc80f1de34c6ae097b5d7c80c720f0dafc2d1,TF03/cards/reddit_1afn6yw_01.jpg,TRUE
2026-02-06 15:17:13,reddit,TF03,kayou transformers series 3,https://preview.redd.it/vmtmtkrb8tfc1.jpg?width=3468&format=pjpg&auto=webp&s=dac529ee84850578345d76a84b7a1ea21b23bfd7,TF03/cards/reddit_1afn6yw_02.jpg,TRUE
2026-02-06 15:17:13,reddit,TF03,kayou transformers series 3,https://preview.redd.it/1nrt88zb8tfc1.jpg?width=3468&format=pjpg&auto=webp&s=0a963edd4d0191b5ffa7684a877a49e4e5c4f430,TF03/cards/reddit_1afn6yw_03.jpg,TRUE
2026-02-06 15:17:14,reddit,TF03,kayou transformers series 3,https://preview.redd.it/tmgzxj7c8tfc1.jpg?width=3468&format=pjpg&auto=webp&s=1c55ac64c1b7c56e8178963da20e4fcfefce624d,TF03/cards/reddit_1afn6yw_04.jpg,TRUE
2026-02-06 15:17:15,reddit,TF03,kayou transformers series 3,https://preview.redd.it/r96pyufc8tfc1.jpg?width=3468&format=pjpg&auto=webp&s=c25abc315cff79be7bbc825442d10a7ec2bab543,TF03/cards/reddit_1afn6yw_05.jpg,TRUE
2026-02-06 15:17:12,reddit,TF03,kayou transformers series 3,https://preview.redd.it/rqrlhfqc8tfc1.jpg?width=4624&format=pjpg&auto=webp&s=b63d4d7298481aa5af4858deed03548649a2be0b,TF03/cards/reddit_1afn6yw_06.jpg,TRUE
2026-02-06 15:17:15,reddit,TF03,kayou transformers series 3,https://preview.redd.it/ghtazwzc8tfc1.jpg?width=4624&format=pjpg&auto=webp&s=2ccaaad6bb3edc1bb7a0f55f505fabe541d390b0,TF03/cards/reddit_1afn6yw_07.jpg,TRUE
2026-02-06 15:17:16,reddit,TF03,kayou transformers series 3,https://preview.redd.it/1liq4e9d8tfc1.jpg?width=4624&format=pjpg&auto=webp&s=72c110ad599bbcbee8efdbf1a56507c0053e1bf2,TF03/cards/reddit_1afn6yw_08.jpg,TRUE
2026-02-06 15:17:17,reddit,TF03,kayou transformers series 3,https://preview.redd.it/hmjk1hid8tfc1.jpg?width=4624&format=pjpg&auto=webp&s=32be90d529aa99d0c9cc05b1646bf5e6e34e024d,TF03/cards/reddit_1afn6yw_09.jpg,TRUE
2026-02-06 15:17:17,reddit,TF03,kayou transformers series 3,https://preview.redd.it/yf4iaitd8tfc1.jpg?width=3468&format=pjpg&auto=webp&s=b4e31e8061b850956acd803e84a0cf028636113d,TF03/cards/reddit_1afn6yw_10.jpg,TRUE
2026-02-06 15:17:18,reddit,TF03,kayou transformers series 3,https://preview.redd.it/ithqut1e8tfc1.jpg?width=3468&format=pjpg&auto=webp&s=c765602817797bd8d9ed0a1f0b8140dd5bf6fb46,TF03/cards/reddit_1afn6yw_11.jpg,TRUE
2026-02-06 15:17:19,reddit,TF03,kayou transformers series 3,https://preview.redd.it/snscq3ae8tfc1.jpg?width=3468&format=pjpg&auto=webp&s=114763ebac8fa22cf0fbacde68fdcf4274fa3f89,TF03/cards/reddit_1afn6yw_12.jpg,TRUE
2026-02-06 15:17:20,reddit,TF03,kayou transformers series 3,https://preview.redd.it/ozpypfme8tfc1.jpg?width=4624&format=pjpg&auto=webp&s=6eae578623fd2a1e14425f74260b0ffeadefd11e,TF03/cards/reddit_1afn6yw_13.jpg,TRUE
2026-02-06 15:17:20,reddit,TF03,kayou transformers series 3,https://preview.redd.it/xohzjtve8tfc1.jpg?width=3468&format=pjpg&auto=webp&s=05670c8b0836b85b88a1c5d197b7ac99e6dfe91e,TF03/cards/reddit_1afn6yw_14.jpg,TRUE
2026-02-06 15:17:24,reddit,TF03,kayou transformers series 3,https://preview.redd.it/a2orz34f8tfc1.jpg?width=3468&format=pjpg&auto=webp&s=457249a7cf363545ac659a51da4854ff28627f61,TF03/cards/reddit_1afn6yw_15.jpg,TRUE
2026-02-06 15:17:22,reddit,TF03,kayou transformers series 3,https://preview.redd.it/wofhyidf8tfc1.jpg?width=4624&format=pjpg&auto=webp&s=7220d5854b7c879433c6f4b54902ef19e9534b59,TF03/cards/reddit_1afn6yw_16.jpg,TRUE
2026-02-06 15:17:23,reddit,TF03,kayou transformers series 3,https://preview.redd.it/7cif4amf8tfc1.jpg?width=4624&format=pjpg&auto=webp&s=7a22961f1c722cb1f5575104cc438666a98105fd,TF03/cards/reddit_1afn6yw_17.jpg,TRUE
2026-02-06 15:17:23,reddit,TF03,kayou transformers series 3,https://preview.redd.it/psvkmawf8tfc1.jpg?width=4624&format=pjpg&auto=webp&s=cc35ee4789333839c99db8724e8a063cda476e6a,TF03/cards/reddit_1afn6yw_18.jpg,TRUE
2026-02-06 15:17:24,reddit,TF03,kayou transformers series 3,https://preview.redd.it/5gvch65g8tfc1.jpg?width=4624&format=pjpg&auto=webp&s=9bba70814590fd08c7cc887c36cf468e4c31f998,TF03/cards/reddit_1afn6yw_19.jpg,TRUE
2026-02-06 15:17:24,reddit,TF03,kayou transformers series 3,https://preview.redd.it/r0atk8eg8tfc1.jpg?width=3264&format=pjpg&auto=webp&s=afdc15744353646f98aa20eabdedd5fe8c7d4a69,TF03/cards/reddit_1afn6yw_20.jpg,TRUE
2026-02-06 15:17:23,reddit,TF03,kayou transformers series 3,https://preview.redd.it/l4wx3j0yhrhe1.jpg?width=1079&format=pjpg&auto=webp&s=1bce682c04ebf6c8ad51c791c49bba7c17913adc,TF03/cards/reddit_1ik28vr_01.jpg,TRUE
2026-02-06 15:17:24,reddit,TF03,kayou transformers series 3,https://preview.redd.it/zfitin4yhrhe1.jpg?width=1079&format=pjpg&auto=webp&s=3f916a96205dd10b5ee7ccb0099242372ef2f80c,TF03/cards/reddit_1ik28vr_02.jpg,TRUE
2026-02-06 15:17:24,reddit,TF03,kayou transformers series 3,https://preview.redd.it/czfsui7yhrhe1.jpg?width=1079&format=pjpg&auto=webp&s=906b4a3dc312b63ad32882d9ef46cfa2dc2f9eb2,TF03/cards/reddit_1ik28vr_03.jpg,TRUE
2026-02-06 15:17:25,reddit,TF03,kayou transformers series 3,https://preview.redd.it/wa2p0xayhrhe1.jpg?width=994&format=pjpg&auto=webp&s=6fafb7df1f6e7bb2c97a5141070105a3cd148eff,TF03/cards/reddit_1ik28vr_04.jpg,TRUE
2026-02-06 15:17:25,reddit,TF03,kayou transformers series 3,https://preview.redd.it/v62qyuay11df1.png?width=2544&format=png&auto=webp&s=629d6651ee598f85dff510fadc5ac84f516a3e82,TF03/cards/reddit_1m0fuck_01.png,TRUE
2026-02-06 15:17:25,reddit,TF03,kayou transformers series 3,https://preview.redd.it/ml8dwpw121df1.png?width=2551&format=png&auto=webp&s=9f14ff125db592d41eaba0ae1891194814eeadf3,TF03/cards/reddit_1m0fuck_02.png,TRUE
2026-02-06 15:17:25,reddit,TF03,kayou transformers series 3,https://preview.redd.it/nla16ub221df1.png?width=3194&format=png&auto=webp&s=e723a4abd5018d8024cc7ac8f461032d47a273b4,TF03/cards/reddit_1m0fuck_03.png,TRUE
2026-02-06 15:17:27,reddit,TF03,kayou transformers series 3,https://preview.redd.it/ufjysi55n8cg1.jpg?width=3072&format=pjpg&auto=webp&s=4c438037853cefafaec85547dfb3a289539b6adf,TF03/cards/reddit_1q7wjhx_01.jpg,TRUE
2026-02-06 15:17:26,reddit,TF03,kayou transformers series 3,https://preview.redd.it/6muhi395n8cg1.jpg?width=3072&format=pjpg&auto=webp&s=32816468c2babe85d4972c14ea75ec3e6a44785e,TF03/cards/reddit_1q7wjhx_02.jpg,TRUE
2026-02-06 15:17:27,reddit,TF03,kayou transformers series 3,https://preview.redd.it/4wwmrca5n8cg1.jpg?width=3072&format=pjpg&auto=webp&s=4b51a230d6ed8bd071202e5f11adceadb4f9c9ca,TF03/cards/reddit_1q7wjhx_03.jpg,TRUE
2026-02-06 15:17:27,reddit,TF03,kayou transformers series 3,https://preview.redd.it/bfsaxlb5n8cg1.jpg?width=3072&format=pjpg&auto=webp&s=2e27728596f877e3dc491d9f426228b224b94630,TF03/cards/reddit_1q7wjhx_04.jpg,TRUE
2026-02-06 15:17:28,reddit,TF03,kayou transformers series 3,https://preview.redd.it/kdujnzc5n8cg1.jpg?width=3072&format=pjpg&auto=webp&s=22edafa1eb928fac26321cd1c70a801d12cf0b60,TF03/cards/reddit_1q7wjhx_05.jpg,TRUE
2026-02-06 15:17:28,reddit,TF03,kayou transformers series 3,https://preview.redd.it/o6k80ae5n8cg1.jpg?width=3072&format=pjpg&auto=webp&s=6fa589870082dab5fd075742c8d516400896e1c0,TF03/cards/reddit_1q7wjhx_06.jpg,TRUE
2026-02-06 15:17:28,reddit,TF03,kayou transformers series 3,https://preview.redd.it/6snorif5n8cg1.jpg?width=3072&format=pjpg&auto=webp&s=823db643e64b518c9537a129372e5e75dbaded39,TF03/cards/reddit_1q7wjhx_07.jpg,TRUE
2026-02-06 15:17:29,reddit,TF03,kayou transformers series 3,https://preview.redd.it/xbi5uwg5n8cg1.jpg?width=3072&format=pjpg&auto=webp&s=e4c55db00541503b93667adc4a240d8c6099ff73,TF03/cards/reddit_1q7wjhx_08.jpg,TRUE
2026-02-06 15:17:30,reddit,TF03,kayou transformers series 3,https://preview.redd.it/0gtrybi5n8cg1.jpg?width=3072&format=pjpg&auto=webp&s=3c2818771c8592c144d937a5c8b31528084ab3c8,TF03/cards/reddit_1q7wjhx_09.jpg,TRUE
2026-02-06 15:17:28,reddit,TF03,kayou transformers series 3,https://preview.redd.it/alopwhqgeavf1.png?width=1381&format=png&auto=webp&s=b1b30c0b5550b7d889276fd219ee1ee9ad7dbaab,TF03/cards/reddit_1o7cyey_01.png,TRUE
2026-02-06 15:17:28,reddit,TF03,kayou transformers series 3,https://preview.redd.it/6a8czfgpeavf1.png?width=1370&format=png&auto=webp&s=1b4a94e635a883bbbbb721ab41c40eaa713c8b01,TF03/cards/reddit_1o7cyey_02.png,TRUE
2026-02-06 15:17:30,reddit,TF03,kayou transformers series 3,https://preview.redd.it/aubhrai7r65c1.jpg?width=1988&format=pjpg&auto=webp&s=bbd265c6b735a642da795f598a3edcad1661c20d,TF03/cards/reddit_18e42vt_01.jpg,TRUE
2026-02-06 15:17:30,reddit,TF03,kayou transformers series 3,https://preview.redd.it/cxmjr9i7r65c1.jpg?width=1988&format=pjpg&auto=webp&s=c6b10c99f109dfc162ad6e66d3f26b999970f85d,TF03/cards/reddit_18e42vt_02.jpg,TRUE
2026-02-06 15:17:29,reddit,TF03,kayou transformers series 3,https://external-preview.redd.it/hnPH3B1EM4Rl3kwhswTx_2mQ_NlqMRb3JGwb1WTf3ZY.jpeg?auto=webp&s=20bfbfa3973fb87aaaaf5cfd61615505e318b18b,TF03/cards/reddit_1oe35o5_01.jpeg,TRUE
2026-02-06 15:17:29,reddit,TF03,kayou transformers series 3,https://preview.redd.it/5udcxgit407d1.jpg?width=828&format=pjpg&auto=webp&s=8da96d9ac6b2203e5fc72b1524571f2348f3a46b,TF03/cards/reddit_1dhhtjw_01.jpg,TRUE
2026-02-06 15:17:30,reddit,TF03,kayou transformers series 3,https://preview.redd.it/pw0312it407d1.jpg?width=828&format=pjpg&auto=webp&s=61d1ae7f56e81870fdfde2a582649665db2d179e,TF03/cards/reddit_1dhhtjw_02.jpg,TRUE
2026-02-06 15:17:30,reddit,TF03,kayou transformers series 3,https://preview.redd.it/1vmkvfit407d1.jpg?width=828&format=pjpg&auto=webp&s=1e387c656a67bda0772875e46b1a82140a3cf2c8,TF03/cards/reddit_1dhhtjw_03.jpg,TRUE
2026-02-06 15:17:32,reddit,TF03,kayou transformers series 3,https://preview.redd.it/cj8wigit407d1.jpg?width=3024&format=pjpg&auto=webp&s=6224a1422f85670dc05f56314e9a3fa20f55a1da,TF03/cards/reddit_1dhhtjw_04.jpg,TRUE
2026-02-06 15:17:30,reddit,TF03,kayou transformers series 3,https://preview.redd.it/1fypwfit407d1.jpg?width=828&format=pjpg&auto=webp&s=c93c0fa615216ff159fa6c2708bb9d405b0f59b7,TF03/cards/reddit_1dhhtjw_05.jpg,TRUE
2026-02-06 15:17:31,reddit,TF03,kayou transformers series 3,https://preview.redd.it/h4slwfit407d1.jpg?width=828&format=pjpg&auto=webp&s=5ed68a0780ecb79b5e5fee8386919d66e94e49ab,TF03/cards/reddit_1dhhtjw_06.jpg,TRUE
2026-02-06 15:17:31,reddit,TF03,kayou transformers series 3,https://preview.redd.it/679magit407d1.jpg?width=828&format=pjpg&auto=webp&s=1943dce598e3461449ea701bf61f8a0dfb4dbb92,TF03/cards/reddit_1dhhtjw_07.jpg,TRUE
2026-02-06 15:17:31,reddit,TF03,kayou transformers series 3,https://preview.redd.it/r32stgit407d1.jpg?width=800&format=pjpg&auto=webp&s=0b9991a0a6497576f7793c9c96d8e49517912c49,TF03/cards/reddit_1dhhtjw_08.jpg,TRUE
2026-02-06 15:17:31,reddit,TF03,kayou transformers series 3,https://preview.redd.it/ud7gsfit407d1.jpg?width=816&format=pjpg&auto=webp&s=ed093b0bb4a73b5114efa3b46b99f5123edddda5,TF03/cards/reddit_1dhhtjw_09.jpg,TRUE
2026-02-06 15:17:31,reddit,TF03,kayou transformers series 3,https://preview.redd.it/yzwmqfit407d1.jpg?width=280&format=pjpg&auto=webp&s=a6f95bc39199705869cc851a451063a97a12c672,TF03/cards/reddit_1dhhtjw_10.jpg,TRUE
2026-02-06 15:17:31,reddit,TF03,kayou transformers series 3,https://preview.redd.it/d0teahit407d1.jpg?width=828&format=pjpg&auto=webp&s=3251a68a76b59ad31f6a648f1c8f2c74110eddf3,TF03/cards/reddit_1dhhtjw_11.jpg,TRUE
2026-02-06 15:17:31,reddit,TF03,kayou transformers series 3,https://preview.redd.it/z5n4tfit407d1.jpg?width=828&format=pjpg&auto=webp&s=4b07dd7d9549a95e90af6b99d852ab87883b2193,TF03/cards/reddit_1dhhtjw_12.jpg,TRUE
2026-02-06 16:02:13,ebay,TFH01,227199121357,https://i.ebayimg.com/images/g/XHkAAOSwqDBimN1p/s-l1600.jpg,TFH01/cards/ebay_227199121357_01.jpg,TRUE
2026-02-06 16:02:30,ebay,TFH01,227199121357,https://i.ebayimg.com/images/g/-e8AAOSwXZ5oLxH-/s-l1600.jpg,TFH01/cards/ebay_227199121357_02.jpg,TRUE
2026-02-06 16:02:31,ebay,TFH01,227199121357,https://i.ebayimg.com/images/g/4lwAAOSwyBdoWnca/s-l1600.jpg,TFH01/cards/ebay_227199121357_03.jpg,TRUE
2026-02-06 16:02:13,ebay,TFH01,227199121357,https://i.ebayimg.com/images/g/RBMAAOSws9BoKl90/s-l1600.jpg,TFH01/cards/ebay_227199121357_04.jpg,TRUE
2026-02-06 16:02:13,ebay,TFH01,227199121357,https://i.ebayimg.com/images/g/VtsAAOSwnz9oNAHG/s-l1600.jpg,TFH01/cards/ebay_227199121357_05.jpg,TRUE
2026-02-06 16:02:31,ebay,TFH01,227199121357,https://i.ebayimg.com/images/g/a1MAAOSw0Jhn2Zgp/s-l1600.jpg,TFH01/cards/ebay_227199121357_06.jpg,TRUE
2026-02-06 16:02:32,ebay,TFH01,227199121357,https://i.ebayimg.com/images/g/2YsAAeSw-jBpbgMh/s-l1600.jpg,TFH01/cards/ebay_227199121357_07.jpg,TRUE
2026-02-06 16:02:32,ebay,TFH01,227199121357,https://i.ebayimg.com/images/g/v8EAAOSwY3tm9GDh/s-l1600.jpg,TFH01/cards/ebay_227199121357_08.jpg,TRUE
2026-02-06 16:02:31,ebay,TFH01,227199121357,https://i.ebayimg.com/images/g/AIsAAOSwjKFniGV2/s-l1600.jpg,TFH01/cards/ebay_227199121357_09.jpg,TRUE
2026-02-06 16:02:32,ebay,TFH01,227199121357,https://i.ebayimg.com/images/g/fkoAAOSwwt5oM~rE/s-l1600.jpg,TFH01/cards/ebay_227199121357_10.jpg,TRUE
2026-02-06 16:02:32,ebay,TFH01,227199121357,https://i.ebayimg.com/images/g/0f0AAOSw7~5oKoyX/s-l1600.jpg,TFH01/cards/ebay_227199121357_11.jpg,TRUE
2026-02-06 16:02:31,ebay,TFH01,227199121357,https://i.ebayimg.com/images/g/saYAAeSw3zlpUWNR/s-l1600.jpg,TFH01/cards/ebay_227199121357_12.jpg,TRUE
2026-02-06 16:02:32,ebay,TFH01,227199121357,https://i.ebayimg.com/images/g/VkoAAOSwmR1oWlyC/s-l1600.jpg,TFH01/cards/ebay_227199121357_13.jpg,TRUE
2026-02-06 16:02:32,ebay,TFH01,227199121357,https://i.ebayimg.com/images/g/Or0AAeSwKJlpgFqF/s-l1600.jpg,TFH01/cards/ebay_227199121357_14.jpg,TRUE
2026-02-06 16:02:32,ebay,TFH01,227199121357,https://i.ebayimg.com/images/g/GPkAAOSwZkdoPAiY/s-l1600.jpg,TFH01/cards/ebay_227199121357_15.jpg,TRUE
2026-02-06 16:02:33,ebay,TFH01,227199121357,https://i.ebayimg.com/images/g/QVgAAOSwV7JoM~Xq/s-l1600.jpg,TFH01/cards/ebay_227199121357_16.jpg,TRUE
2026-02-06 16:02:33,ebay,TFH01,227199121357,https://i.ebayimg.com/images/g/faEAAOSwor1oKp8s/s-l1600.jpg,TFH01/cards/ebay_227199121357_17.jpg,TRUE
2026-02-06 16:02:33,ebay,TFH01,227199121357,https://i.ebayimg.com/images/g/a6wAAeSw4sdo0lEQ/s-l1600.jpg,TFH01/cards/ebay_227199121357_18.jpg,TRUE
2026-02-06 16:02:13,ebay,TFH01,227199121357,https://i.ebayimg.com/images/g/bTQAAeSw1q5pZ6UE/s-l1600.jpg,TFH01/cards/ebay_227199121357_19.jpg,TRUE
2026-02-06 16:02:30,ebay,TFH01,227199121357,https://i.ebayimg.com/images/g/bkcAAOSwmD5oKmFZ/s-l1600.jpg,TFH01/cards/ebay_227199121357_20.jpg,TRUE
2026-02-06 16:02:31,ebay,TFH01,227199121357,https://i.ebayimg.com/images/g/c9oAAeSwOkppgFqq/s-l1600.jpg,TFH01/cards/ebay_227199121357_21.jpg,TRUE
2026-02-06 16:02:31,ebay,TFH01,227199121357,https://i.ebayimg.com/images/g/RnkAAOSwpZ5m4N-X/s-l1600.jpg,TFH01/cards/ebay_227199121357_22.jpg,TRUE
2026-02-06 16:02:31,ebay,TFH01,227199121357,https://i.ebayimg.com/images/g/iV0AAOSwuwBoKme5/s-l1600.jpg,TFH01/cards/ebay_227199121357_23.jpg,TRUE
2026-02-06 16:02:31,ebay,TFH01,227199112096,https://i.ebayimg.com/images/g/OgEAAeSwzrZpfUGr/s-l1600.jpg,TFH01/cards/ebay_227199112096_01.jpg,TRUE
2026-02-06 16:02:30,ebay,TFH01,227199112096,https://i.ebayimg.com/images/g/XwwAAeSwalhpgFe5/s-l1600.jpg,TFH01/cards/ebay_227199112096_03.jpg,TRUE
2026-02-06 16:02:31,ebay,TFH01,227199112096,https://i.ebayimg.com/images/g/1nAAAeSwSRxpX6s8/s-l1600.jpg,TFH01/cards/ebay_227199112096_05.jpg,TRUE
2026-02-06 16:02:31,ebay,TFH01,227199112096,https://i.ebayimg.com/images/g/IWcAAeSw-ctpRAoy/s-l1600.jpg,TFH01/cards/ebay_227199112096_06.jpg,TRUE
2026-02-06 16:02:31,ebay,TFH01,227199112096,https://i.ebayimg.com/images/g/av8AAeSwhDRpXwcw/s-l1600.jpg,TFH01/cards/ebay_227199112096_08.jpg,TRUE
2026-02-06 16:02:31,ebay,TFH01,227199112096,https://i.ebayimg.com/images/g/LnoAAeSwIJ9pRAp8/s-l1600.jpg,TFH01/cards/ebay_227199112096_09.jpg,TRUE
2026-02-06 16:02:32,ebay,TFH01,227199112096,https://i.ebayimg.com/images/g/YqkAAeSwzUlpb-~S/s-l1600.jpg,TFH01/cards/ebay_227199112096_11.jpg,TRUE
2026-02-06 16:02:13,ebay,TFH01,227199112096,https://i.ebayimg.com/images/g/-tUAAOSwXxxoKkdc/s-l1600.jpg,TFH01/cards/ebay_227199112096_12.jpg,TRUE
2026-02-06 16:02:13,ebay,TFH01,227199112096,https://i.ebayimg.com/images/g/2acAAOSwmfZnYgAP/s-l1600.jpg,TFH01/cards/ebay_227199112096_13.jpg,TRUE
2026-02-06 16:02:13,ebay,TFH01,227199112096,https://i.ebayimg.com/images/g/35QAAOSw~9poNfu4/s-l1600.jpg,TFH01/cards/ebay_227199112096_14.jpg,TRUE
2026-02-06 16:02:13,ebay,TFH01,227199112096,https://i.ebayimg.com/images/g/54IAAOSw5g1nYKF8/s-l1600.jpg,TFH01/cards/ebay_227199112096_15.jpg,TRUE
2026-02-06 16:02:13,ebay,TFH01,227199112096,https://i.ebayimg.com/images/g/8T8AAeSwCFxpaEQa/s-l1600.jpg,TFH01/cards/ebay_227199112096_16.jpg,TRUE
2026-02-06 16:02:13,ebay,TFH01,227199112096,https://i.ebayimg.com/images/g/XfsAAeSwmnlpgFfF/s-l1600.jpg,TFH01/cards/ebay_227199112096_17.jpg,TRUE
2026-02-06 16:02:13,ebay,TFH01,227199112096,https://i.ebayimg.com/images/g/L8IAAeSw8qBpUxMR/s-l1600.jpg,TFH01/cards/ebay_227199112096_19.jpg,TRUE
2026-02-06 16:02:13,ebay,TFH01,227199112096,https://i.ebayimg.com/images/g/Bq4AAeSwmuBpgFfC/s-l1600.jpg,TFH01/cards/ebay_227199112096_20.jpg,TRUE
2026-02-06 16:02:14,ebay,TFH01,227199112096,https://i.ebayimg.com/images/g/kPcAAeSwe2FpX63-/s-l1600.jpg,TFH01/cards/ebay_227199112096_21.jpg,TRUE
2026-02-06 16:02:14,reddit,TFH01,kayou transformers headmasters,https://i.redd.it/s2mwnxv8k3vf1.jpeg,TFH01/cards/reddit_1o6ivgd_01.jpeg,TRUE
2026-02-06 16:02:14,reddit,TFH01,kayou transformers headmasters,https://preview.redd.it/s2mwnxv8k3vf1.jpeg?auto=webp&s=33e5e0ce26b9910945ea8181d739c15134bda72b,TFH01/cards/reddit_1o6ivgd_02.jpeg,TRUE
2026-02-06 16:02:14,reddit,TFH01,kayou transformers headmasters,https://preview.redd.it/p8zjb2p4sywd1.jpg?width=1079&format=pjpg&auto=webp&s=09c214c267c3e8cad4e2dad1b81f366f5f8a0e29,TFH01/cards/reddit_1gc4977_01.jpg,TRUE
2026-02-06 16:02:14,reddit,TFH01,kayou transformers headmasters,https://preview.redd.it/otws0ls4sywd1.jpg?width=700&format=pjpg&auto=webp&s=a29518c37743cdd1e1858d1a73aeb23cba6c4feb,TFH01/cards/reddit_1gc4977_02.jpg,TRUE
2026-02-06 16:02:14,reddit,TFH01,kayou transformers headmasters,https://preview.redd.it/oapv19u4sywd1.jpg?width=581&format=pjpg&auto=webp&s=6870601ed831de6d1a0045625d7068fb4d30e225,TFH01/cards/reddit_1gc4977_03.jpg,TRUE
2026-02-06 16:02:15,reddit,TFH01,kayou transformers headmasters,https://preview.redd.it/rj2azefo5xhf1.png?width=1080&format=png&auto=webp&s=25d9d3cdeeec7693c600249bc4ada032bd82ba17,TFH01/cards/reddit_1mlg7kv_01.png,TRUE
2026-02-06 16:02:15,reddit,TFH01,kayou transformers headmasters,https://preview.redd.it/9n2e7jko5xhf1.png?width=1080&format=png&auto=webp&s=8f76ad4ae546947164e79fca2f10fabb5049aa07,TFH01/cards/reddit_1mlg7kv_02.png,TRUE
2026-02-06 16:02:17,reddit,TFH01,kayou transformers headmasters,https://preview.redd.it/ydz0eqa95k3f1.jpg?width=3000&format=pjpg&auto=webp&s=b65fad4004f65e3d210dca7ff6c00dc0a8cb1a4e,TFH01/cards/reddit_1kxn1ek_01.jpg,TRUE
2026-02-06 16:02:15,reddit,TFH01,kayou transformers headmasters,https://preview.redd.it/cbo8nnh95k3f1.jpg?width=3000&format=pjpg&auto=webp&s=6c6736d35c2580abb6156d850ff98fb5c0a937b9,TFH01/cards/reddit_1kxn1ek_02.jpg,TRUE
2026-02-06 16:02:16,reddit,TFH01,kayou transformers headmasters,https://preview.redd.it/mrurkhfbtwfg1.jpg?width=1815&format=pjpg&auto=webp&s=c602f7854fcdf5e180aada82d7eded5cf77a2afb,TFH01/cards/reddit_1qogs9w_01.jpg,TRUE
2026-02-06 16:02:16,reddit,TFH01,kayou transformers headmasters,https://preview.redd.it/rnx7x2pbtwfg1.jpg?width=1818&format=pjpg&auto=webp&s=a118aca67d4558196c1d2f77c4937f48912d2a5d,TFH01/cards/reddit_1qogs9w_02.jpg,TRUE
2026-02-06 16:02:16,reddit,TFH01,kayou transformers headmasters,https://preview.redd.it/h8gyqpzbtwfg1.jpg?width=1815&format=pjpg&auto=webp&s=94501a354b6cdd62a6ce2349cd28a844d144b773,TFH01/cards/reddit_1qogs9w_03.jpg,TRUE
2026-02-06 16:02:17,reddit,TFH01,kayou transformers headmasters,https://preview.redd.it/4vcgzrcctwfg1.jpg?width=1818&format=pjpg&auto=webp&s=c46559edb31ae53dfe92c3047a002279b692444b,TFH01/cards/reddit_1qogs9w_04.jpg,TRUE
2026-02-06 16:02:17,reddit,TFH01,kayou transformers headmasters,https://preview.redd.it/qql2pngctwfg1.jpg?width=1818&format=pjpg&auto=webp&s=2569162e421a4d78280968a9eb83f64f9a289e13,TFH01/cards/reddit_1qogs9w_05.jpg,TRUE
2026-02-06 16:02:17,reddit,TFH01,kayou transformers headmasters,https://preview.redd.it/zaxpd3lctwfg1.jpg?width=1818&format=pjpg&auto=webp&s=5c64006a4447a106cc5c0d1e512a8f024a3cd1e3,TFH01/cards/reddit_1qogs9w_06.jpg,TRUE
2026-02-06 16:02:18,reddit,TFH01,kayou transformers headmasters,https://preview.redd.it/mxcsqguctwfg1.jpg?width=1818&format=pjpg&auto=webp&s=17ed031e51171316a861fa3a5fa1a92c2c516f10,TFH01/cards/reddit_1qogs9w_07.jpg,TRUE
2026-02-06 16:02:19,reddit,TFH01,kayou transformers headmasters,https://preview.redd.it/hi8j3gyctwfg1.jpg?width=1818&format=pjpg&auto=webp&s=bc25b10c28c05fac8695127c91c72895d0b498b1,TFH01/cards/reddit_1qogs9w_08.jpg,TRUE
2026-02-06 16:02:18,reddit,TFH01,kayou transformers headmasters,https://preview.redd.it/uvmkjs2dtwfg1.jpg?width=1818&format=pjpg&auto=webp&s=69be6349e987416d13c10637652345cb66d8feac,TFH01/cards/reddit_1qogs9w_09.jpg,TRUE
2026-02-06 16:02:19,reddit,TFH01,kayou transformers headmasters,https://preview.redd.it/fbl7056dtwfg1.jpg?width=1818&format=pjpg&auto=webp&s=ac4d587afd96f91c2c73ad04431dc89d9a1303e7,TFH01/cards/reddit_1qogs9w_10.jpg,TRUE
2026-02-06 16:02:19,reddit,TFH01,kayou transformers headmasters,https://preview.redd.it/xpt8rw9dtwfg1.jpg?width=1818&format=pjpg&auto=webp&s=3bded057c455d299e1a4fab019f15d48f9b19025,TFH01/cards/reddit_1qogs9w_11.jpg,TRUE
2026-02-06 16:02:20,reddit,TFH01,kayou transformers headmasters,https://preview.redd.it/bhzxhgddtwfg1.jpg?width=1818&format=pjpg&auto=webp&s=2d1ad73465c78b207e53d818648a456b0897502f,TFH01/cards/reddit_1qogs9w_12.jpg,TRUE
2026-02-06 16:02:20,reddit,TFH01,kayou transformers headmasters,https://preview.redd.it/jhucs4hdtwfg1.jpg?width=1818&format=pjpg&auto=webp&s=2ccd046a719fe2f20b9f82dd02c7be7b5eaadf0f,TFH01/cards/reddit_1qogs9w_13.jpg,TRUE
2026-02-06 16:02:20,reddit,TFH01,kayou transformers headmasters,https://preview.redd.it/s3q1eamdtwfg1.jpg?width=1818&format=pjpg&auto=webp&s=dff8e2be0c0167061d14fdb2a25615c34c2f1320,TFH01/cards/reddit_1qogs9w_14.jpg,TRUE
2026-02-06 16:02:21,reddit,TFH01,kayou transformers headmasters,https://preview.redd.it/vvezo1qdtwfg1.jpg?width=1818&format=pjpg&auto=webp&s=b8bdff29ecd705b172dd15808957f13f64231331,TFH01/cards/reddit_1qogs9w_15.jpg,TRUE
2026-02-06 16:02:21,reddit,TFH01,kayou transformers headmasters,https://preview.redd.it/23jfzusdtwfg1.jpg?width=1818&format=pjpg&auto=webp&s=a0ce66a238c45ed88a4a168dacdbe0e38e3baa64,TFH01/cards/reddit_1qogs9w_16.jpg,TRUE
2026-02-06 16:02:20,reddit,TFH01,kayou transformers headmasters,https://i.redd.it/2uuqba7i1erf1.png,TFH01/cards/reddit_1nqksg4_01.png,TRUE
2026-02-06 16:02:20,reddit,TFH01,kayou transformers headmasters,https://preview.redd.it/2uuqba7i1erf1.png?auto=webp&s=7730d4b6cb997dfd7b11f0b195ac955e7e85541e,TFH01/cards/reddit_1nqksg4_02.png,TRUE
2026-02-06 16:02:20,reddit,TFH01,kayou transformers headmasters,https://preview.redd.it/fcsk4qarnk3c1.jpg?width=180&format=pjpg&auto=webp&s=3398d1f0412cd4eb72371fcdcc70b6c4517c46a8,TFH01/cards/reddit_187wz7q_01.jpg,TRUE
2026-02-06 16:02:21,reddit,TFH01,kayou transformers headmasters,https://preview.redd.it/09fbglcrnk3c1.jpg?width=188&format=pjpg&auto=webp&s=cb60517086d9f81ddcb3b2f613f4063a8883c439,TFH01/cards/reddit_187wz7q_02.jpg,TRUE
2026-02-06 16:02:21,reddit,TFH01,kayou transformers headmasters,https://preview.redd.it/io2yuspu0tpf1.jpg?width=720&format=pjpg&auto=webp&s=6b07a7e2d6ffd0d6f51413fc3010b7f1025c4456,TFH01/cards/reddit_1njrw6q_01.jpg,TRUE
2026-02-06 16:02:21,reddit,TFH01,kayou transformers headmasters,https://preview.redd.it/aiq5tzpu0tpf1.jpg?width=720&format=pjpg&auto=webp&s=cbd723096cb37c5840c3037fea15aba68ddecef6,TFH01/cards/reddit_1njrw6q_02.jpg,TRUE
2026-02-06 16:02:21,reddit,TFH01,kayou transformers headmasters,https://preview.redd.it/v53ufnpu0tpf1.jpg?width=720&format=pjpg&auto=webp&s=d6a1888053ef348245c7b23d0502c57d6675ecfd,TFH01/cards/reddit_1njrw6q_03.jpg,TRUE
2026-02-06 16:02:21,reddit,TFH01,kayou transformers headmasters,https://preview.redd.it/ndmsqspu0tpf1.jpg?width=720&format=pjpg&auto=webp&s=eff1996fcb18c996cc2c30662ddd3e1b2a99a3c4,TFH01/cards/reddit_1njrw6q_04.jpg,TRUE
2026-02-06 16:02:21,reddit,TFH01,kayou transformers headmasters,https://preview.redd.it/b3wiutpu0tpf1.jpg?width=720&format=pjpg&auto=webp&s=d24b5e24f4167d39d59f20472aa77d8f5518073c,TFH01/cards/reddit_1njrw6q_05.jpg,TRUE
2026-02-06 16:02:21,reddit,TFH01,kayou transformers headmasters,https://preview.redd.it/qb9zyvpu0tpf1.jpg?width=720&format=pjpg&auto=webp&s=a3958fa6757118d981f50c4d1b7cc26684fe5091,TFH01/cards/reddit_1njrw6q_06.jpg,TRUE
2026-02-06 16:02:23,reddit,TFH01,kayou transformers headmasters,https://preview.redd.it/o1ex7q8c5mvd1.png?width=1440&format=png&auto=webp&s=b1267a64f0e6d667a41230ab88b2e7709c403ba7,TFH01/cards/reddit_1g6xofg_01.png,TRUE
2026-02-06 16:02:23,reddit,TFH01,kayou transformers headmasters,https://preview.redd.it/cxydbmdc5mvd1.png?width=1440&format=png&auto=webp&s=a35e71129b719efd5b858fb6a194c6bbec0c8ca6,TFH01/cards/reddit_1g6xofg_02.png,TRUE
2026-02-06 16:02:23,reddit,TFH01,kayou transformers headmasters,https://preview.redd.it/cmmqbbic5mvd1.png?width=1440&format=png&auto=webp&s=b948caa9cbda24b3cb8db107cea53b80c6ee89db,TFH01/cards/reddit_1g6xofg_03.png,TRUE
2026-02-06 16:02:24,reddit,TFH01,kayou transformers headmasters,https://preview.redd.it/psc399nc5mvd1.png?width=1440&format=png&auto=webp&s=72e27cda4d1e8d388273092b543c14d80e9b86f1,TFH01/cards/reddit_1g6xofg_04.png,TRUE
2026-02-06 16:02:26,reddit,TFH01,kayou transformers headmasters,https://preview.redd.it/6880myrc5mvd1.jpg?width=3024&format=pjpg&auto=webp&s=eb73d5c7e073bdd259a303c7f4346a39e478fe30,TFH01/cards/reddit_1g6xofg_05.jpg,TRUE
2026-02-06 16:02:25,reddit,TFH01,kayou transformers headmasters,https://preview.redd.it/dg5o32d87naf1.jpg?width=3120&format=pjpg&auto=webp&s=433117174d3bcd20c2c71345262a0e394e1ba14d,TFH01/cards/reddit_1lqmwwh_01.jpg,TRUE
2026-02-06 16:02:28,reddit,TFH01,kayou transformers headmasters,https://preview.redd.it/po99i4p87naf1.jpg?width=3120&format=pjpg&auto=webp&s=58b32d8a27b4c12012d290f47598850ae631229a,TFH01/cards/reddit_1lqmwwh_02.jpg,TRUE
2026-02-06 16:02:26,reddit,TFH01,kayou transformers headmasters,https://preview.redd.it/abhaxk097naf1.jpg?width=3120&format=pjpg&auto=webp&s=08d4f5024a6259717c1b0e75e5f73a160e99f60c,TFH01/cards/reddit_1lqmwwh_03.jpg,TRUE
2026-02-06 16:02:28,reddit,TFH01,kayou transformers headmasters,https://preview.redd.it/ve4vxw497naf1.jpg?width=3120&format=pjpg&auto=webp&s=39064f9daa8a2ebb6644ff26456679e43195078e,TFH01/cards/reddit_1lqmwwh_04.jpg,TRUE
2026-02-06 16:02:28,reddit,TFH01,kayou transformers headmasters,https://preview.redd.it/mdza0u897naf1.jpg?width=4160&format=pjpg&auto=webp&s=a7bb4d5ee6c9178faa5c3934d87319986c5beee2,TFH01/cards/reddit_1lqmwwh_05.jpg,TRUE
2026-02-06 16:02:29,reddit,TFH01,kayou transformers headmasters,https://preview.redd.it/3vh4vgj97naf1.jpg?width=4160&format=pjpg&auto=webp&s=3a1ba92f61a35cf3a467ffef39ac80900a0ce2c1,TFH01/cards/reddit_1lqmwwh_06.jpg,TRUE
2026-02-06 16:02:28,reddit,TFH01,kayou transformers headmasters,https://i.redd.it/pztlgfq5p9461.jpg,TFH01/cards/reddit_ka64p3_01.jpg,TRUE
2026-02-06 16:02:28,reddit,TFH01,kayou transformers headmasters,https://preview.redd.it/pztlgfq5p9461.jpg?auto=webp&s=d4f23ee9e457f849213cd7f7a4ea76190bd99dd4,,FALSE
2026-02-06 16:02:29,reddit,TFH01,kayou transformers headmasters,https://i.redd.it/ykpvpa54on1f1.jpeg,TFH01/cards/reddit_1kq1ptv_01.jpeg,TRUE
2026-02-06 16:02:29,reddit,TFH01,kayou transformers headmasters,https://preview.redd.it/ykpvpa54on1f1.jpeg?auto=webp&s=10418772977c06fdabb99ca073ad907074353dfd,TFH01/cards/reddit_1kq1ptv_02.jpeg,TRUE
2026-02-06 16:02:29,reddit,TFH01,kayou transformers headmasters,https://external-preview.redd.it/1xmfmc4ptm6uT83SMbSL1Ak3g8lnFpJMH_aTM7_Vs4c.jpg?auto=webp&s=a1c6c98d7715dc86fc6778a9eebec3d57bc3317d,TFH01/cards/reddit_1hn3ajp_01.jpg,TRUE
2026-02-06 16:02:29,reddit,TFH01,kayou transformers headmasters,https://i.redd.it/licdvvru0j1g1.jpeg,TFH01/cards/reddit_1oy9i7t_01.jpeg,TRUE
2026-02-06 16:02:33,reddit,TFH01,kayou transformers headmasters,https://preview.redd.it/licdvvru0j1g1.jpeg?auto=webp&s=e4b54ad143ba28946553ed872ea7fb6ed9cb7340,TFH01/cards/reddit_1oy9i7t_02.jpeg,TRUE
2026-02-06 16:02:31,reddit,TFH01,kayou transformers headmasters,https://preview.redd.it/ckgbfxwr6f6e1.jpg?width=1000&format=pjpg&auto=webp&s=38a99c4af241b91601fbc656053de898ab74375f,TFH01/cards/reddit_1hcl4yx_01.jpg,TRUE
2026-02-06 16:02:32,reddit,TFH01,kayou transformers headmasters,https://preview.redd.it/3s7yq3xr6f6e1.jpg?width=1000&format=pjpg&auto=webp&s=74ee86a2bfef57d88f61e7191e897771764f71f8,TFH01/cards/reddit_1hcl4yx_02.jpg,TRUE
2026-02-06 16:02:29,reddit,TFH01,kayou transformers headmasters,https://preview.redd.it/x5jdz8xr6f6e1.jpg?width=1000&format=pjpg&auto=webp&s=81b7b53eddecba8c9b5df7dcef742383b4264308,TFH01/cards/reddit_1hcl4yx_03.jpg,TRUE
2026-02-06 16:02:29,reddit,TFH01,kayou transformers headmasters,https://preview.redd.it/vv4kaexr6f6e1.jpg?width=1000&format=pjpg&auto=webp&s=f7ecffb6a4ca797089dccbf04d56a4c086a9a8cb,TFH01/cards/reddit_1hcl4yx_04.jpg,TRUE
2026-02-06 16:02:29,reddit,TFH01,kayou transformers headmasters,https://preview.redd.it/tm8jjkxr6f6e1.jpg?width=1000&format=pjpg&auto=webp&s=5ecbbf51fb7f277b1570092c48273c9259749255,TFH01/cards/reddit_1hcl4yx_05.jpg,TRUE
2026-02-06 16:02:30,reddit,TFH01,kayou transformers headmasters,https://preview.redd.it/xdh0uqxr6f6e1.jpg?width=1000&format=pjpg&auto=webp&s=c9eb2318959f9e44526f282f7e348d87acbc560e,TFH01/cards/reddit_1hcl4yx_06.jpg,TRUE
2026-02-06 16:02:30,reddit,TFH01,kayou transformers headmasters,https://preview.redd.it/kvj8knxr6f6e1.jpg?width=1000&format=pjpg&auto=webp&s=a5914d1caccc0408ea070981533aeaa4c2e81c53,TFH01/cards/reddit_1hcl4yx_07.jpg,TRUE
2026-02-06 16:02:30,reddit,TFH01,kayou transformers headmasters,https://preview.redd.it/z5a98sxr6f6e1.jpg?width=1000&format=pjpg&auto=webp&s=aeecda3499da598f5f6b7d06e42de9e66726d11f,TFH01/cards/reddit_1hcl4yx_08.jpg,TRUE
2026-02-06 16:02:30,reddit,TFH01,kayou transformers headmasters,https://preview.redd.it/7l2nqrxr6f6e1.jpg?width=1000&format=pjpg&auto=webp&s=5fa33484b2cb8649d15cf2c72813861214ef0df4,TFH01/cards/reddit_1hcl4yx_09.jpg,TRUE
2026-02-06 16:02:31,reddit,TFH01,kayou transformers headmasters,https://preview.redd.it/cqkaqs0s6f6e1.jpg?width=1000&format=pjpg&auto=webp&s=e4762d2c2dfa4f880baf4b99ff45ff4c869ed8d2,TFH01/cards/reddit_1hcl4yx_10.jpg,TRUE
2026-02-06 16:02:30,reddit,TFH01,kayou transformers headmasters,https://preview.redd.it/voiwlz6nvkeg1.jpg?width=600&format=pjpg&auto=webp&s=f397714a759b8676d37d931b65b06974543e1410,TFH01/cards/reddit_1qif9fm_01.jpg,TRUE
2026-02-06 16:02:30,reddit,TFH01,kayou transformers headmasters,https://preview.redd.it/v2mjs99nvkeg1.jpg?width=250&format=pjpg&auto=webp&s=b8a22c96191576269b03bcf38cf961179d28bf52,TFH01/cards/reddit_1qif9fm_02.jpg,TRUE
2026-02-06 16:02:30,reddit,TFH01,kayou transformers headmasters,https://preview.redd.it/4oycqqanvkeg1.jpg?width=547&format=pjpg&auto=webp&s=ab9b8452668d7ff7af10f10157245cd1e07c9f79,TFH01/cards/reddit_1qif9fm_03.jpg,TRUE
2026-02-06 16:02:30,reddit,TFH01,kayou transformers headmasters,https://preview.redd.it/qvxvyqcnvkeg1.jpg?width=250&format=pjpg&auto=webp&s=cdacc52f1e4dedafb154296734089ee7b5a14fba,TFH01/cards/reddit_1qif9fm_04.jpg,TRUE
2026-02-06 16:02:30,reddit,TFH01,kayou transformers headmasters,https://preview.redd.it/uecjcrdnvkeg1.jpg?width=497&format=pjpg&auto=webp&s=b317980bd6ba986c453aa422a0cfa4887967b378,TFH01/cards/reddit_1qif9fm_05.jpg,TRUE
2026-02-06 16:02:30,reddit,TFH01,kayou transformers headmasters,https://preview.redd.it/fq84l1fnvkeg1.jpg?width=800&format=pjpg&auto=webp&s=d1ec6188111b7aa79f7c133c0ac8d4e03e67cea0,TFH01/cards/reddit_1qif9fm_06.jpg,TRUE
2026-02-06 16:02:55,reddit,TFO01,kayou transformers one,https://external-preview.redd.it/cHFuNzZ2M3p1OHZjMQIxGoGLLza1zshL034VoUvnf5ZeT1YjkIy0OAD0ECx8.png?format=pjpg&auto=webp&s=89eead8c51b1a66fe347d508669ef85111b599c3,TFO01/cards/reddit_1c74231_01.png,TRUE
2026-02-06 16:02:55,reddit,TFO01,kayou transformers one,https://preview.redd.it/a134x548rbwd1.jpg?width=1080&format=pjpg&auto=webp&s=26bea176b83f8095272abdd498479985b4af967e,TFO01/cards/reddit_1g9kmv9_01.jpg,TRUE
2026-02-06 16:02:55,reddit,TFO01,kayou transformers one,https://preview.redd.it/n3566g88rbwd1.jpg?width=1022&format=pjpg&auto=webp&s=041c51ec382a646aec93eb7939f219a9939220ef,TFO01/cards/reddit_1g9kmv9_02.jpg,TRUE
2026-02-06 16:02:56,reddit,TFO01,kayou transformers one,https://preview.redd.it/g7xx9ozuj9ee1.jpg?width=554&format=pjpg&auto=webp&s=ed1fdc630340bde6cf9234a374dc1a86b81b894a,TFO01/cards/reddit_1i690c1_01.jpg,TRUE
2026-02-06 16:02:59,reddit,TFO01,kayou transformers one,https://preview.redd.it/nwnbjr7vj9ee1.jpg?width=473&format=pjpg&auto=webp&s=f44c8c8432110d39662d51a5f6ce47169e10400d,TFO01/cards/reddit_1i690c1_02.jpg,TRUE
2026-02-06 16:02:59,reddit,TFO01,kayou transformers one,https://i.redd.it/y3wtgehxvqee1.jpeg,TFO01/cards/reddit_1i839i8_01.jpeg,TRUE
2026-02-06 16:02:59,reddit,TFO01,kayou transformers one,https://preview.redd.it/y3wtgehxvqee1.jpeg?auto=webp&s=87bb9c0f3273dc87457c20cd242de745460b3c44,,FALSE
2026-02-06 16:02:59,reddit,TFO01,kayou transformers one,https://i.redd.it/bojp12c76y3e1.jpeg,TFO01/cards/reddit_1h322cr_01.jpeg,TRUE
2026-02-06 16:02:59,reddit,TFO01,kayou transformers one,https://preview.redd.it/bojp12c76y3e1.jpeg?auto=webp&s=aa7f64eaa377a07db719bd45c44f144fefa1dd94,TFO01/cards/reddit_1h322cr_02.jpeg,TRUE
2026-02-06 16:02:59,reddit,TFO01,kayou transformers one,https://i.redd.it/zo55dcauyn9f1.jpeg,TFO01/cards/reddit_1lmlxsi_01.jpeg,TRUE
2026-02-06 16:02:55,reddit,TFO01,kayou transformers one,https://preview.redd.it/zo55dcauyn9f1.jpeg?auto=webp&s=98521364b3a4a4c24174c25952f2bc705011a250,TFO01/cards/reddit_1lmlxsi_02.jpeg,TRUE
2026-02-06 16:02:55,reddit,TFO01,kayou transformers one,https://i.redd.it/r5lotxgd3ssd1.jpeg,TFO01/cards/reddit_1fw5g8w_01.jpeg,TRUE
2026-02-06 16:02:55,reddit,TFO01,kayou transformers one,https://preview.redd.it/r5lotxgd3ssd1.jpeg?auto=webp&s=202fa3c41956660d164c1632cd55bff647d588cc,TFO01/cards/reddit_1fw5g8w_02.jpeg,TRUE
2026-02-06 16:02:55,reddit,TFO01,kayou transformers one,https://i.redd.it/4mgo3xqit52f1.jpeg,TFO01/cards/reddit_1ks20sh_01.jpeg,TRUE
2026-02-06 16:02:55,reddit,TFO01,kayou transformers one,https://preview.redd.it/4mgo3xqit52f1.jpeg?auto=webp&s=d20d9beef4064467579380dbd047b84b854b1137,TFO01/cards/reddit_1ks20sh_02.jpeg,TRUE
2026-02-06 16:02:56,reddit,TFO01,kayou transformers one,https://i.redd.it/ukp99qpeu6af1.jpeg,TFO01/cards/reddit_1losbu2_01.jpeg,TRUE
2026-02-06 16:02:56,reddit,TFO01,kayou transformers one,https://preview.redd.it/ukp99qpeu6af1.jpeg?auto=webp&s=61936fb9ecdbd933a2351601b9c6d51ce2a292e2,TFO01/cards/reddit_1losbu2_02.jpeg,TRUE
2026-02-06 16:02:56,reddit,TFO01,kayou transformers one,https://i.redd.it/ppwy3e99212g1.jpeg,TFO01/cards/reddit_1p0doqm_01.jpeg,TRUE
2026-02-06 16:02:56,reddit,TFO01,kayou transformers one,https://preview.redd.it/ppwy3e99212g1.jpeg?auto=webp&s=2f40c3aea14d40547c46648462109962b0d89ff3,TFO01/cards/reddit_1p0doqm_02.jpeg,TRUE
2026-02-06 16:02:56,reddit,TFO01,kayou transformers one,https://i.redd.it/wxivug51c7rd1.jpeg,TFO01/cards/reddit_1fq446r_01.jpeg,TRUE
2026-02-06 16:02:56,reddit,TFO01,kayou transformers one,https://preview.redd.it/wxivug51c7rd1.jpeg?auto=webp&s=50cbfbfc13e74d59d6b544d3d024ed2380c8da10,TFO01/cards/reddit_1fq446r_02.jpeg,TRUE
2026-02-06 16:02:56,reddit,TFO01,kayou transformers one,https://i.redd.it/yi08df33uauf1.jpeg,TFO01/cards/reddit_1o33af8_01.jpeg,TRUE
2026-02-06 16:02:56,reddit,TFO01,kayou transformers one,https://preview.redd.it/yi08df33uauf1.jpeg?auto=webp&s=cbd1ec6767d7840c19a5b82fc693f06919616658,TFO01/cards/reddit_1o33af8_02.jpeg,TRUE
2026-02-06 16:02:56,reddit,TFO01,kayou transformers one,https://i.redd.it/40fpy3xx4eqd1.png,TFO01/cards/reddit_1fmxunw_01.png,TRUE
2026-02-06 16:02:56,reddit,TFO01,kayou transformers one,https://preview.redd.it/40fpy3xx4eqd1.png?auto=webp&s=fc1ca648ba8fba31ca80f88b5c28ae7b94fcd2e7,TFO01/cards/reddit_1fmxunw_02.png,TRUE
2026-02-06 16:02:56,reddit,TFO01,kayou transformers one,https://i.redd.it/zxb1329ebb2e1.jpeg,TFO01/cards/reddit_1gwp1la_01.jpeg,TRUE
2026-02-06 16:02:56,reddit,TFO01,kayou transformers one,https://preview.redd.it/zxb1329ebb2e1.jpeg?auto=webp&s=8b4c97c0c648e38be7dd73fbd94582a855dcfe6a,TFO01/cards/reddit_1gwp1la_02.jpeg,TRUE
2026-02-06 16:02:56,reddit,TFO01,kayou transformers one,https://i.redd.it/ammyucwuje8e1.jpeg,TFO01/cards/reddit_1hk0pej_01.jpeg,TRUE
2026-02-06 16:02:56,reddit,TFO01,kayou transformers one,https://preview.redd.it/ammyucwuje8e1.jpeg?auto=webp&s=5fa24dcb990823b2c99635fbf5a06bc840dbca1d,TFO01/cards/reddit_1hk0pej_02.jpeg,TRUE
2026-02-06 16:02:57,reddit,TFO01,kayou transformers one,https://i.redd.it/140u4nmnih3e1.jpeg,TFO01/cards/reddit_1h1apq9_01.jpeg,TRUE
2026-02-06 16:02:58,reddit,TFO01,kayou transformers one,https://preview.redd.it/140u4nmnih3e1.jpeg?auto=webp&s=3e2c334fa787fce7fa036c1f2a89dc10f3534a25,TFO01/cards/reddit_1h1apq9_02.jpeg,TRUE
2026-02-06 16:02:58,reddit,TFO01,kayou transformers one,https://preview.redd.it/owotzad6bcqf1.jpg?width=1173&format=pjpg&auto=webp&s=fa9c1c5ea9be8cd0641f7ec551b2ba609d9a3ab7,TFO01/cards/reddit_1nm1hfs_01.jpg,TRUE
2026-02-06 16:02:57,reddit,TFO01,kayou transformers one,https://preview.redd.it/81od9ad6bcqf1.jpg?width=1091&format=pjpg&auto=webp&s=c94dad632ded2627d63ec93e2c02885399a42164,TFO01/cards/reddit_1nm1hfs_02.jpg,TRUE
2026-02-06 16:02:57,reddit,TFO01,kayou transformers one,https://i.redd.it/upb66vhvuv0e1.jpeg,TFO01/cards/reddit_1gr6vv4_01.jpeg,TRUE
2026-02-06 16:02:57,reddit,TFO01,kayou transformers one,https://preview.redd.it/upb66vhvuv0e1.jpeg?auto=webp&s=6311cdfcec14b6e9d819fe1a8c2b0e46f56da122,TFO01/cards/reddit_1gr6vv4_02.jpeg,TRUE
2026-02-06 16:02:57,reddit,TFO01,kayou transformers one,https://i.redd.it/v5imqhq8ru1e1.jpeg,TFO01/cards/reddit_1guw1hi_01.jpeg,TRUE
2026-02-06 16:02:57,reddit,TFO01,kayou transformers one,https://preview.redd.it/v5imqhq8ru1e1.jpeg?auto=webp&s=0439affa88446431d0b4f05e517433a80ed248bb,TFO01/cards/reddit_1guw1hi_02.jpeg,TRUE
2026-02-06 16:02:57,reddit,TFO01,kayou transformers one,https://preview.redd.it/4hf0s17aucrd1.jpg?width=945&format=pjpg&auto=webp&s=bfd25df5e266d3dfa2d26fac52600abd7f17fb18,TFO01/cards/reddit_1fqnve4_01.jpg,TRUE
2026-02-06 16:02:58,reddit,TFO01,kayou transformers one,https://preview.redd.it/32po79aaucrd1.jpg?width=945&format=pjpg&auto=webp&s=a6c5077b85cad726bf00296b2257bb90adb13f5e,TFO01/cards/reddit_1fqnve4_02.jpg,TRUE
2026-02-06 16:02:58,reddit,TFO01,kayou transformers one,https://preview.redd.it/9hohdqcaucrd1.jpg?width=945&format=pjpg&auto=webp&s=3dca2a2b0e7fdc9b88075dd58161d0a348abb6e2,TFO01/cards/reddit_1fqnve4_03.jpg,TRUE
2026-02-06 16:02:58,reddit,TFO01,kayou transformers one,https://preview.redd.it/hbymmifaucrd1.jpg?width=945&format=pjpg&auto=webp&s=c8f7d1edd837a2b45b6c2812ad615a89d7656131,TFO01/cards/reddit_1fqnve4_04.jpg,TRUE
2026-02-06 16:02:58,reddit,TFO01,kayou transformers one,https://preview.redd.it/ywe2e4iaucrd1.jpg?width=945&format=pjpg&auto=webp&s=376062a4457e95831ad3b9db5260491f0982aaef,TFO01/cards/reddit_1fqnve4_05.jpg,TRUE
2026-02-06 16:02:58,reddit,TFO01,kayou transformers one,https://preview.redd.it/2xmsuclaucrd1.jpg?width=945&format=pjpg&auto=webp&s=ad943a21719d89765411cead474ae4938fbaab5b,TFO01/cards/reddit_1fqnve4_06.jpg,TRUE
2026-02-06 16:02:58,reddit,TFO01,kayou transformers one,https://preview.redd.it/ccxbu3oaucrd1.jpg?width=983&format=pjpg&auto=webp&s=2f00c6c2d655fdc7018d72d76f059337411f232c,TFO01/cards/reddit_1fqnve4_07.jpg,TRUE
2026-02-06 16:02:58,reddit,TFO01,kayou transformers one,https://preview.redd.it/3djk0qqaucrd1.jpg?width=945&format=pjpg&auto=webp&s=ff618c60787b51608f2d7f0c7dac5cf770a5516d,TFO01/cards/reddit_1fqnve4_08.jpg,TRUE
2026-02-06 16:02:58,reddit,TFO01,kayou transformers one,https://preview.redd.it/8l3imguaucrd1.jpg?width=986&format=pjpg&auto=webp&s=1acfba90adae882e18140b118449d96fb086d91c,TFO01/cards/reddit_1fqnve4_09.jpg,TRUE
2026-02-06 16:02:59,reddit,TFO01,kayou transformers one,https://preview.redd.it/20fjypwaucrd1.jpg?width=981&format=pjpg&auto=webp&s=411f5d6332b9dcbeba5ada9b67d452d5dfb156e7,TFO01/cards/reddit_1fqnve4_10.jpg,TRUE
2026-02-06 16:02:58,reddit,TFO01,kayou transformers one,https://preview.redd.it/42wu18zaucrd1.jpg?width=945&format=pjpg&auto=webp&s=a3dcc8754966ce40fef51edbec0e9bd550858df1,TFO01/cards/reddit_1fqnve4_11.jpg,TRUE
2026-02-06 16:02:58,reddit,TFO01,kayou transformers one,https://preview.redd.it/wd4jkb2bucrd1.jpg?width=945&format=pjpg&auto=webp&s=657af23d51cfd94057db06467b101d9af50bd58e,TFO01/cards/reddit_1fqnve4_12.jpg,TRUE
2026-02-06 16:02:58,reddit,TFO01,kayou transformers one,https://preview.redd.it/2cqyvr4bucrd1.jpg?width=945&format=pjpg&auto=webp&s=eb732f21bb12b00666c13d52440636ec81ceb45d,TFO01/cards/reddit_1fqnve4_13.jpg,TRUE
2026-02-06 16:02:58,forum,TFO01,https://www.tfw2005.com/boards/threads/kayou-transformers-one-trading-cards.1258741/,https://www.tfw2005.com/tfw/ages4.png,TFO01/cards/forum_tfw2005_1258741_001.png,TRUE
2026-02-06 16:02:58,forum,TFO01,https://www.tfw2005.com/boards/threads/kayou-transformers-one-trading-cards.1258741/,https://www.tfw2005.com/tfw/stylin4.png,TFO01/cards/forum_tfw2005_1258741_002.png,TRUE
2026-02-06 16:02:58,forum,TFO01,https://www.tfw2005.com/boards/threads/kayou-transformers-one-trading-cards.1258741/,https://www.tfw2005.com/tfw/ee4.jpg,TFO01/cards/forum_tfw2005_1258741_003.jpg,TRUE
2026-02-06 16:03:25,ebay,TF40Y,306731744915,https://i.ebayimg.com/images/g/9pcAAeSwCZZpeoJZ/s-l1600.jpg,TF40Y/cards/ebay_306731744915_02.jpg,TRUE
2026-02-06 16:03:25,ebay,TF40Y,306731744915,https://i.ebayimg.com/images/g/ZvAAAeSwgbNpX8Oo/s-l1600.jpg,TF40Y/cards/ebay_306731744915_03.jpg,TRUE
2026-02-06 16:03:48,ebay,TF40Y,306731744915,https://i.ebayimg.com/images/g/BuIAAOSwM2loLxA~/s-l1600.jpg,TF40Y/cards/ebay_306731744915_04.jpg,TRUE
2026-02-06 16:03:48,ebay,TF40Y,306731744915,https://i.ebayimg.com/images/g/NjwAAeSwMvhpX7zO/s-l1600.jpg,TF40Y/cards/ebay_306731744915_05.jpg,TRUE
2026-02-06 16:03:48,ebay,TF40Y,306731744915,https://i.ebayimg.com/images/g/v68AAOSwy6BoLxq5/s-l1600.jpg,TF40Y/cards/ebay_306731744915_07.jpg,TRUE
2026-02-06 16:03:47,ebay,TF40Y,306731744915,https://i.ebayimg.com/images/g/xEcAAeSw9Atn2QMg/s-l1600.jpg,TF40Y/cards/ebay_306731744915_08.jpg,TRUE
2026-02-06 16:03:50,ebay,TF40Y,306731744915,https://i.ebayimg.com/images/g/KRsAAOSwQ-RoLyOP/s-l1600.jpg,TF40Y/cards/ebay_306731744915_09.jpg,TRUE
2026-02-06 16:03:50,ebay,TF40Y,306731744915,https://i.ebayimg.com/images/g/pLAAAOSwuqtoLxIX/s-l1600.jpg,TF40Y/cards/ebay_306731744915_11.jpg,TRUE
2026-02-06 16:03:53,ebay,TF40Y,306731744915,https://i.ebayimg.com/images/g/Lr8AAOSwrmNkwi~V/s-l1600.jpg,TF40Y/cards/ebay_306731744915_12.jpg,TRUE
2026-02-06 16:03:25,ebay,TF40Y,306731744915,https://i.ebayimg.com/images/g/TbAAAOSwbx9oKktV/s-l1600.jpg,TF40Y/cards/ebay_306731744915_13.jpg,TRUE
2026-02-06 16:03:52,ebay,TF40Y,306731744915,https://i.ebayimg.com/images/g/WVMAAeSwLLVpX-04/s-l1600.jpg,TF40Y/cards/ebay_306731744915_14.jpg,TRUE
2026-02-06 16:03:52,ebay,TF40Y,306731744915,https://i.ebayimg.com/images/g/5I4AAeSwt7Rn2QMg/s-l1600.jpg,TF40Y/cards/ebay_306731744915_17.jpg,TRUE
2026-02-06 16:03:52,ebay,TF40Y,306731744907,https://i.ebayimg.com/images/g/x6gAAeSwce5n2QJX/s-l1600.jpg,TF40Y/cards/ebay_306731744907_02.jpg,TRUE
2026-02-06 16:03:53,ebay,TF40Y,306731744907,https://i.ebayimg.com/images/g/dh8AAeSwnXdn2QJX/s-l1600.jpg,TF40Y/cards/ebay_306731744907_11.jpg,TRUE
2026-02-06 16:03:53,ebay,TF40Y,306731744907,https://i.ebayimg.com/images/g/tgcAAeSwGQlpdVjv/s-l1600.jpg,TF40Y/cards/ebay_306731744907_16.jpg,TRUE
2026-02-06 16:03:52,ebay,TF40Y,306731744907,https://i.ebayimg.com/images/g/c3UAAOSwWRtoM~6B/s-l1600.jpg,TF40Y/cards/ebay_306731744907_17.jpg,TRUE
2026-02-06 16:03:53,reddit,TF40Y,kayou transformers 40th anniversary,https://external-preview.redd.it/NHFqenMzcXAyY29kMXyf8-rvm1C__Q4bDL3gJBkjO_bjkyMUPsobX80FiZpA.png?format=pjpg&auto=webp&s=e618bbba1f3e31e8eadb9fa37c13dc2efddef78c,TF40Y/cards/reddit_1fex28w_01.png,TRUE
2026-02-06 16:03:54,reddit,TF40Y,kayou transformers 40th anniversary,https://i.redd.it/itijwoy7ldpd1.jpeg,TF40Y/cards/reddit_1fizyfq_01.jpeg,TRUE
2026-02-06 16:03:53,reddit,TF40Y,kayou transformers 40th anniversary,https://preview.redd.it/itijwoy7ldpd1.jpeg?auto=webp&s=1e970a2103bda9ae7c8992499726042d2cbd4161,TF40Y/cards/reddit_1fizyfq_02.jpeg,TRUE
2026-02-06 16:03:53,reddit,TF40Y,kayou transformers 40th anniversary,https://i.redd.it/g81iaagxjeif1.jpeg,TF40Y/cards/reddit_1mnettx_01.jpeg,TRUE
2026-02-06 16:03:54,reddit,TF40Y,kayou transformers 40th anniversary,https://preview.redd.it/g81iaagxjeif1.jpeg?auto=webp&s=68f4142567fef3b10b038e91c84f45cb4d20a3e0,,FALSE
2026-02-06 16:03:24,reddit,TF40Y,kayou transformers 40th anniversary,https://external-preview.redd.it/dGJzZjh1dGpxcm9kMQK-ePMAA7DgDeyxhDf6Pkr0wU7KnLI7pJHsbmQVPcYu.png?format=pjpg&auto=webp&s=eb796e36a3e5b536fb46ab01135e7a0a2d5170d3,TF40Y/cards/reddit_1fgkybz_01.png,TRUE
2026-02-06 16:03:49,reddit,TF40Y,kayou transformers 40th anniversary,https://i.redd.it/nsf9dasx0u0d1.jpeg,TF40Y/cards/reddit_1ctk071_01.jpeg,TRUE
2026-02-06 16:04:05,reddit,TF40Y,kayou transformers 40th anniversary,https://preview.redd.it/nsf9dasx0u0d1.jpeg?auto=webp&s=f5b1c66c48568214ad8560e4815a363826bfcf7d,TF40Y/cards/reddit_1ctk071_02.jpeg,TRUE
2026-02-06 16:03:49,reddit,TF40Y,kayou transformers 40th anniversary,https://preview.redd.it/3cb5apbsy15d1.jpg?width=1290&format=pjpg&auto=webp&s=8995e252afeefd2b6a8cabde10b3c83ff78df922,TF40Y/cards/reddit_1d9yutw_01.jpg,TRUE
2026-02-06 16:03:49,reddit,TF40Y,kayou transformers 40th anniversary,https://preview.redd.it/xqezdpbsy15d1.jpg?width=1962&format=pjpg&auto=webp&s=8544441f5ca4e19df1e3332508de41df75acd5ff,TF40Y/cards/reddit_1d9yutw_02.jpg,TRUE
2026-02-06 16:03:48,reddit,TF40Y,kayou transformers 40th anniversary,https://i.redd.it/hbo0isdzbjnc1.jpeg,TF40Y/cards/reddit_1bben51_01.jpeg,TRUE
2026-02-06 16:03:51,reddit,TF40Y,kayou transformers 40th anniversary,https://preview.redd.it/hbo0isdzbjnc1.jpeg?auto=webp&s=7bdd6646f12acf79dc41b7ce01a28582c1d62924,TF40Y/cards/reddit_1bben51_02.jpeg,TRUE
2026-02-06 16:03:50,reddit,TF40Y,kayou transformers 40th anniversary,https://external-preview.redd.it/IO_lJpjGaHgC25aq7QDfwDhkhBjOsJE2vYQCZLvn-sQ.jpeg?auto=webp&s=103adf85eee186b7ec6adf5ba630d94f234cd147,TF40Y/cards/reddit_1qcykq6_01.jpeg,TRUE
2026-02-06 16:03:51,reddit,TF40Y,kayou transformers 40th anniversary,https://preview.redd.it/8t66t8rjwtdg1.jpg?width=2268&format=pjpg&auto=webp&s=561331080e7bc401a714b1005eedfda0babb7d30,TF40Y/cards/reddit_1qf2b7e_01.jpg,TRUE
2026-02-06 16:03:53,reddit,TF40Y,kayou transformers 40th anniversary,https://preview.redd.it/a2icer2lwtdg1.jpg?width=4032&format=pjpg&auto=webp&s=24a61dd705037b3d0444bd184192703c3fec9aba,TF40Y/cards/reddit_1qf2b7e_02.jpg,TRUE
2026-02-06 16:03:53,reddit,TF40Y,kayou transformers 40th anniversary,https://preview.redd.it/5776cqmmwtdg1.jpg?width=4032&format=pjpg&auto=webp&s=37712cea72b87f4718a42f648e9cac48ca8d971b,TF40Y/cards/reddit_1qf2b7e_03.jpg,TRUE
2026-02-06 16:03:26,reddit,TF40Y,kayou transformers 40th anniversary,https://preview.redd.it/ojo6wk5owtdg1.jpg?width=2268&format=pjpg&auto=webp&s=5d590de3970242f8c97ea9e3638bfd22c9ab37c1,TF40Y/cards/reddit_1qf2b7e_04.jpg,TRUE
2026-02-06 16:03:27,reddit,TF40Y,kayou transformers 40th anniversary,https://preview.redd.it/qkhhzzhpwtdg1.jpg?width=4032&format=pjpg&auto=webp&s=8f72f5a3f4d7266aeb8ee18a50e51af574ee80b2,TF40Y/cards/reddit_1qf2b7e_05.jpg,TRUE
2026-02-06 16:03:27,reddit,TF40Y,kayou transformers 40th anniversary,https://preview.redd.it/3l39u05rwtdg1.jpg?width=4032&format=pjpg&auto=webp&s=849c3179a2203dec220af5bed19378fb9a19ddc0,TF40Y/cards/reddit_1qf2b7e_06.jpg,TRUE
2026-02-06 16:03:27,reddit,TF40Y,kayou transformers 40th anniversary,https://preview.redd.it/yobcjvpswtdg1.jpg?width=4032&format=pjpg&auto=webp&s=663b2855a26577355a686a919bfd489a4ade44c5,TF40Y/cards/reddit_1qf2b7e_07.jpg,TRUE
2026-02-06 16:03:28,reddit,TF40Y,kayou transformers 40th anniversary,https://preview.redd.it/jcinud2uwtdg1.jpg?width=4032&format=pjpg&auto=webp&s=dd1014a8144121d1cea7b6d040342cbcd9e720a9,TF40Y/cards/reddit_1qf2b7e_08.jpg,TRUE
2026-02-06 16:03:29,reddit,TF40Y,kayou transformers 40th anniversary,https://preview.redd.it/c9tulmqvwtdg1.jpg?width=4032&format=pjpg&auto=webp&s=9284be299f43f0dd8b75f1dd0a898d62525feb4a,TF40Y/cards/reddit_1qf2b7e_09.jpg,TRUE
2026-02-06 16:03:29,reddit,TF40Y,kayou transformers 40th anniversary,https://preview.redd.it/q57cev5xwtdg1.jpg?width=4032&format=pjpg&auto=webp&s=a4362eb48828c5c514c4e9177525ccd7564d8bc9,TF40Y/cards/reddit_1qf2b7e_10.jpg,TRUE
2026-02-06 16:03:29,reddit,TF40Y,kayou transformers 40th anniversary,https://preview.redd.it/s530ruf0xtdg1.jpg?width=4032&format=pjpg&auto=webp&s=007c875727f9bb89280ff34216add1d6c81fb2cc,TF40Y/cards/reddit_1qf2b7e_11.jpg,TRUE
2026-02-06 16:03:30,reddit,TF40Y,kayou transformers 40th anniversary,https://preview.redd.it/nx0ne9m1xtdg1.jpg?width=4032&format=pjpg&auto=webp&s=69dd313fb39bb1d675e9627480b4f22881344afe,TF40Y/cards/reddit_1qf2b7e_12.jpg,TRUE
2026-02-06 16:03:31,reddit,TF40Y,kayou transformers 40th anniversary,https://preview.redd.it/zbhxp133xtdg1.jpg?width=4032&format=pjpg&auto=webp&s=952ab37d4fdbe04106d8239c59588d1641419f61,TF40Y/cards/reddit_1qf2b7e_13.jpg,TRUE
2026-02-06 16:03:31,reddit,TF40Y,kayou transformers 40th anniversary,https://preview.redd.it/jexlt915xtdg1.jpg?width=4032&format=pjpg&auto=webp&s=cea9632066678cc41d5ea0e3e1510f3c1dde5266,TF40Y/cards/reddit_1qf2b7e_14.jpg,TRUE
2026-02-06 16:03:36,reddit,TF40Y,kayou transformers 40th anniversary,https://preview.redd.it/jnbbogu5xtdg1.jpg?width=4032&format=pjpg&auto=webp&s=8926dd1039ac17be8fb5b40c31e2c0a7e6724a98,TF40Y/cards/reddit_1qf2b7e_15.jpg,TRUE
2026-02-06 16:03:33,reddit,TF40Y,kayou transformers 40th anniversary,https://preview.redd.it/efbehcl8xtdg1.jpg?width=4032&format=pjpg&auto=webp&s=bcfe46827a8a1ed84a80c6126767a6f8021ee9d4,TF40Y/cards/reddit_1qf2b7e_16.jpg,TRUE
2026-02-06 16:03:33,reddit,TF40Y,kayou transformers 40th anniversary,https://preview.redd.it/qygtt8n9xtdg1.jpg?width=4032&format=pjpg&auto=webp&s=3390caf742e7f7bbf31fd1d1af5ec135e48437e1,TF40Y/cards/reddit_1qf2b7e_17.jpg,TRUE
2026-02-06 16:03:33,reddit,TF40Y,kayou transformers 40th anniversary,https://preview.redd.it/jk6mg4zaxtdg1.jpg?width=4032&format=pjpg&auto=webp&s=85e3b37c6ae04a3d9a47be381eb6513f03950262,TF40Y/cards/reddit_1qf2b7e_18.jpg,TRUE
2026-02-06 16:03:33,reddit,TF40Y,kayou transformers 40th anniversary,https://external-preview.redd.it/OOOtyg5FwiY1EeZvRDWJsE67S84YyrNIa5FC-q06-F8.jpg?auto=webp&s=d64bd471371a63b10cdd27d2a02ff6b6269ffa8b,TF40Y/cards/reddit_1few2hc_01.jpg,TRUE
2026-02-06 16:03:35,reddit,TF40Y,kayou transformers 40th anniversary,https://i.redd.it/8vxt5bfck7gc1.jpeg,TF40Y/cards/reddit_1ah9cfl_01.jpeg,TRUE
2026-02-06 16:03:35,reddit,TF40Y,kayou transformers 40th anniversary,https://preview.redd.it/8vxt5bfck7gc1.jpeg?auto=webp&s=89d7315a32afe344c7df6897b7378e7098ad7229,TF40Y/cards/reddit_1ah9cfl_02.jpeg,TRUE
2026-02-06 16:03:34,reddit,TF40Y,kayou transformers 40th anniversary,https://preview.redd.it/cbtinie9yzgc1.jpg?width=2000&format=pjpg&auto=webp&s=e24160172f6ac5ce626aaf31eefbb3553ea67ded,TF40Y/cards/reddit_1akenpq_01.jpg,TRUE
2026-02-06 16:03:35,reddit,TF40Y,kayou transformers 40th anniversary,https://preview.redd.it/qlnrrje9yzgc1.jpg?width=2000&format=pjpg&auto=webp&s=211ebc42da3055865457fb1accee52e0928ce027,TF40Y/cards/reddit_1akenpq_02.jpg,TRUE
2026-02-06 16:03:35,reddit,TF40Y,kayou transformers 40th anniversary,https://preview.redd.it/k275pie9yzgc1.jpg?width=2000&format=pjpg&auto=webp&s=821efb086044f160425282b25eb65664764fb403,TF40Y/cards/reddit_1akenpq_03.jpg,TRUE
2026-02-06 16:03:36,reddit,TF40Y,kayou transformers 40th anniversary,https://preview.redd.it/igherie9yzgc1.jpg?width=2000&format=pjpg&auto=webp&s=8d2101e9aa9018cf133e99316e8338201906919c,TF40Y/cards/reddit_1akenpq_04.jpg,TRUE
2026-02-06 16:03:36,reddit,TF40Y,kayou transformers 40th anniversary,https://preview.redd.it/8rt7gke9yzgc1.jpg?width=2000&format=pjpg&auto=webp&s=2a56552094d43099ca1fadd3a3cba5a88cb1d40d,TF40Y/cards/reddit_1akenpq_05.jpg,TRUE
2026-02-06 16:03:36,reddit,TF40Y,kayou transformers 40th anniversary,https://i.redd.it/yxg9qlphuf3g1.png,TF40Y/cards/reddit_1p6imau_01.png,TRUE
2026-02-06 16:03:36,reddit,TF40Y,kayou transformers 40th anniversary,https://preview.redd.it/yxg9qlphuf3g1.png?auto=webp&s=f2f047a06c97e5eec6609615c4dd6057e62a762c,TF40Y/cards/reddit_1p6imau_02.png,TRUE
2026-02-06 16:03:36,reddit,TF40Y,kayou transformers 40th anniversary,https://i.redd.it/ll190vyieb1d1.jpeg,TF40Y/cards/reddit_1cvggd7_01.jpeg,TRUE
2026-02-06 16:03:36,reddit,TF40Y,kayou transformers 40th anniversary,https://preview.redd.it/ll190vyieb1d1.jpeg?auto=webp&s=4d4f80e0b45721506081567fd3bb7035408a7990,TF40Y/cards/reddit_1cvggd7_02.jpeg,TRUE
2026-02-06 16:03:36,reddit,TF40Y,kayou transformers 40th anniversary,https://preview.redd.it/0lzzryq0zd4e1.jpg?width=1435&format=pjpg&auto=webp&s=880673444253529611461ee2591fd81d3713040a,TF40Y/cards/reddit_1h4ph42_01.jpg,TRUE
2026-02-06 16:03:37,reddit,TF40Y,kayou transformers 40th anniversary,https://preview.redd.it/kkyderu0zd4e1.jpg?width=1214&format=pjpg&auto=webp&s=b03f211d41b57ec49122bb90904586fa2d61d206,TF40Y/cards/reddit_1h4ph42_02.jpg,TRUE
2026-02-06 16:03:36,reddit,TF40Y,kayou transformers 40th anniversary,https://preview.redd.it/tgo3x9w0zd4e1.jpg?width=1432&format=pjpg&auto=webp&s=36bab6e83d4669e3c716dfad74f7c8df6351727f,TF40Y/cards/reddit_1h4ph42_03.jpg,TRUE
2026-02-06 16:03:38,reddit,TF40Y,kayou transformers 40th anniversary,https://preview.redd.it/udh2k5hb2fwf1.jpg?width=2252&format=pjpg&auto=webp&s=a2f218eb7fda8df1631f7eadd760714315bb09cb,TF40Y/cards/reddit_1oc6fuc_01.jpg,TRUE
2026-02-06 16:03:38,reddit,TF40Y,kayou transformers 40th anniversary,https://preview.redd.it/elw0lwjc2fwf1.jpg?width=2252&format=pjpg&auto=webp&s=a15d3d599164aa55e6da45633ca642dbb2ec8d0b,TF40Y/cards/reddit_1oc6fuc_02.jpg,TRUE
2026-02-06 16:03:39,reddit,TF40Y,kayou transformers 40th anniversary,https://preview.redd.it/6oenkk9c2fwf1.jpg?width=2252&format=pjpg&auto=webp&s=ce583085de50af5c7f5998023b876cf062b45017,TF40Y/cards/reddit_1oc6fuc_03.jpg,TRUE
2026-02-06 16:03:37,reddit,TF40Y,kayou transformers 40th anniversary,https://preview.redd.it/l9bbgb2b2fwf1.jpg?width=2252&format=pjpg&auto=webp&s=2d0ed499781d029e996668c194a660548556d11f,TF40Y/cards/reddit_1oc6fuc_04.jpg,TRUE
2026-02-06 16:03:39,reddit,TF40Y,kayou transformers 40th anniversary,https://preview.redd.it/uhixs9db2fwf1.jpg?width=2252&format=pjpg&auto=webp&s=253a8ba2ec0ea2aafa15506f9170144c5e62ddab,TF40Y/cards/reddit_1oc6fuc_05.jpg,TRUE
2026-02-06 16:03:39,reddit,TF40Y,kayou transformers 40th anniversary,https://preview.redd.it/kq1raavb2fwf1.jpg?width=2252&format=pjpg&auto=webp&s=04253f6a158fe2dfc75f26aba2a17c06ec1246ac,TF40Y/cards/reddit_1oc6fuc_06.jpg,TRUE
2026-02-06 16:03:39,reddit,TF40Y,kayou transformers 40th anniversary,https://preview.redd.it/v4tj626c2fwf1.jpg?width=2252&format=pjpg&auto=webp&s=37b4837e96548fc95c29263c6e911a91fbea9f1d,TF40Y/cards/reddit_1oc6fuc_07.jpg,TRUE
2026-02-06 16:03:40,reddit,TF40Y,kayou transformers 40th anniversary,https://preview.redd.it/k75y7frb2fwf1.jpg?width=2252&format=pjpg&auto=webp&s=7e9ff8e3c8c8ce6d9e0e479e873089d4651e63ea,TF40Y/cards/reddit_1oc6fuc_08.jpg,TRUE
2026-02-06 16:03:39,reddit,TF40Y,kayou transformers 40th anniversary,https://preview.redd.it/bffhmcyf2ojf1.jpg?width=267&format=pjpg&auto=webp&s=eb3b7ed18e023230b62ad00f3e53e5c69563df07,TF40Y/cards/reddit_1mt6ekj_01.jpg,TRUE
2026-02-06 16:03:39,reddit,TF40Y,kayou transformers 40th anniversary,https://preview.redd.it/ich77cyf2ojf1.jpg?width=254&format=pjpg&auto=webp&s=4f61db09b80b16f1ec96adca777a4f92c4676d56,TF40Y/cards/reddit_1mt6ekj_02.jpg,TRUE
2026-02-06 16:03:39,reddit,TF40Y,kayou transformers 40th anniversary,https://preview.redd.it/l6xrmdyf2ojf1.jpg?width=320&format=pjpg&auto=webp&s=f2aeba878799f7153a94e947fc5d94fa9649e582,TF40Y/cards/reddit_1mt6ekj_03.jpg,TRUE
2026-02-06 16:03:40,reddit,TF40Y,kayou transformers 40th anniversary,https://preview.redd.it/5a3lkdyf2ojf1.jpg?width=1206&format=pjpg&auto=webp&s=ec07845cb510b974963c8da0c1ed86a097037db5,TF40Y/cards/reddit_1mt6ekj_04.jpg,TRUE
2026-02-06 16:03:40,reddit,TF40Y,kayou transformers 40th anniversary,https://preview.redd.it/s03vccyf2ojf1.jpg?width=800&format=pjpg&auto=webp&s=90eca2f668f41e78d0a7dfa5ffe3485755da8a77,TF40Y/cards/reddit_1mt6ekj_05.jpg,TRUE
2026-02-06 16:03:39,reddit,TF40Y,kayou transformers 40th anniversary,https://preview.redd.it/i2e01cyf2ojf1.jpg?width=276&format=pjpg&auto=webp&s=0cbfcce1e30080ef08987b2f9562a60b1b40e4c1,TF40Y/cards/reddit_1mt6ekj_06.jpg,TRUE
2026-02-06 16:03:40,reddit,TF40Y,kayou transformers 40th anniversary,https://i.redd.it/af1tdsgfiewd1.png,TF40Y/cards/reddit_1g9xng8_01.png,TRUE
2026-02-06 16:03:40,reddit,TF40Y,kayou transformers 40th anniversary,https://preview.redd.it/af1tdsgfiewd1.png?auto=webp&s=6f22f342e9f19585237af3082f31d381ec105447,TF40Y/cards/reddit_1g9xng8_02.png,TRUE
2026-02-06 16:03:40,reddit,TF40Y,kayou transformers 40th anniversary,https://i.redd.it/pygnbssaa5zc1.jpeg,TF40Y/cards/reddit_1cmxnlk_01.jpeg,TRUE
2026-02-06 16:03:40,reddit,TF40Y,kayou transformers 40th anniversary,https://preview.redd.it/pygnbssaa5zc1.jpeg?auto=webp&s=434487e694094fa19ffc88263693eed1e6d59cbe,TF40Y/cards/reddit_1cmxnlk_02.jpeg,TRUE
2026-02-06 16:03:42,reddit,TF40Y,kayou transformers 40th anniversary,https://preview.redd.it/2e9bpqtuifce1.jpg?width=2268&format=pjpg&auto=webp&s=cfc54b375ad7333e589842f16f0a427b64f6a506,TF40Y/cards/reddit_1hz5t26_01.jpg,TRUE
2026-02-06 16:03:41,reddit,TF40Y,kayou transformers 40th anniversary,https://preview.redd.it/ct3i8fwuifce1.jpg?width=2268&format=pjpg&auto=webp&s=c8e2ad2944a9574f526bf55bd89975250ac888e6,TF40Y/cards/reddit_1hz5t26_02.jpg,TRUE
2026-02-06 16:03:42,reddit,TF40Y,kayou transformers 40th anniversary,https://preview.redd.it/7vbdgcyuifce1.jpg?width=2268&format=pjpg&auto=webp&s=0f8f44c7825727912d28ea323225e795f2f7a3af,TF40Y/cards/reddit_1hz5t26_03.jpg,TRUE
2026-02-06 16:03:41,reddit,TF40Y,kayou transformers 40th anniversary,https://preview.redd.it/5jd0yic9l6bf1.jpg?width=1280&format=pjpg&auto=webp&s=a79eca1fa24f0ce2f0c06fc96ee61790b9183dbe,TF40Y/cards/reddit_1lssjpr_01.jpg,TRUE
2026-02-06 16:03:41,reddit,TF40Y,kayou transformers 40th anniversary,https://preview.redd.it/9p3lxsf9l6bf1.jpg?width=1080&format=pjpg&auto=webp&s=afc1716da17e8550bb884c92971e0ae1a73597c9,TF40Y/cards/reddit_1lssjpr_02.jpg,TRUE
2026-02-06 16:03:41,reddit,TF40Y,kayou transformers 40th anniversary,https://preview.redd.it/a73lfbh9l6bf1.jpg?width=1080&format=pjpg&auto=webp&s=30ec2f597e548bbab52b48eeac3d0ad3d6fb1aa2,TF40Y/cards/reddit_1lssjpr_03.jpg,TRUE
2026-02-06 16:03:42,reddit,TF40Y,kayou transformers 40th anniversary,https://preview.redd.it/age7b0j9l6bf1.jpg?width=1080&format=pjpg&auto=webp&s=2a48e310864459e7020616a088a5a638350b939f,TF40Y/cards/reddit_1lssjpr_04.jpg,TRUE
2026-02-06 16:03:42,reddit,TF40Y,kayou transformers 40th anniversary,https://i.redd.it/9pn87mirn9ff1.jpeg,TF40Y/cards/reddit_1ma1dv4_01.jpeg,TRUE
2026-02-06 16:03:42,reddit,TF40Y,kayou transformers 40th anniversary,https://preview.redd.it/9pn87mirn9ff1.jpeg?auto=webp&s=e7e37658f1158a2dd12148455e93e7eba79f3f76,TF40Y/cards/reddit_1ma1dv4_02.jpeg,TRUE
2026-02-06 16:03:46,reddit,TF40Y,kayou transformers 40th anniversary,https://preview.redd.it/q1tkpthplkke1.jpg?width=4284&format=pjpg&auto=webp&s=fec01fa3aba72154db0304d77295c18b506a4412,TF40Y/cards/reddit_1iv3yia_01.jpg,TRUE
2026-02-06 16:03:45,reddit,TF40Y,kayou transformers 40th anniversary,https://preview.redd.it/6h445bhplkke1.jpg?width=5712&format=pjpg&auto=webp&s=7e22d0314391fa4a7c366e7feeac591595622da8,TF40Y/cards/reddit_1iv3yia_02.jpg,TRUE
2026-02-06 16:03:54,reddit,TF40Y,kayou transformers 40th anniversary,https://preview.redd.it/mt7mtchplkke1.jpg?width=1440&format=pjpg&auto=webp&s=50b45bbc17384f4f1cfd060021bdd0e6bb44b017,TF40Y/cards/reddit_1iv3yia_03.jpg,TRUE
2026-02-06 16:03:49,reddit,TF40Y,kayou transformers 40th anniversary,https://preview.redd.it/j4xt2phplkke1.jpg?width=3024&format=pjpg&auto=webp&s=9c5b60f72548dacc30b59d52c35daf1e5744f13d,TF40Y/cards/reddit_1iv3yia_04.jpg,TRUE
2026-02-06 16:03:44,reddit,TF40Y,kayou transformers 40th anniversary,https://preview.redd.it/d9njjchplkke1.jpg?width=3024&format=pjpg&auto=webp&s=67990f3149d07e8a29a0f3c857bc8d7125c468d4,TF40Y/cards/reddit_1iv3yia_05.jpg,TRUE
2026-02-06 16:03:45,reddit,TF40Y,kayou transformers 40th anniversary,https://preview.redd.it/oiw1tbhplkke1.jpg?width=4284&format=pjpg&auto=webp&s=1e9ab8934c37cdc67da426bd5294825c78cc35fb,TF40Y/cards/reddit_1iv3yia_06.jpg,TRUE
2026-02-06 16:03:46,reddit,TF40Y,kayou transformers 40th anniversary,https://preview.redd.it/btas8dhplkke1.jpg?width=3790&format=pjpg&auto=webp&s=18191c41b75563d36e7dd78ab94eb11e32ee8645,TF40Y/cards/reddit_1iv3yia_07.jpg,TRUE
2026-02-06 16:03:46,reddit,TF40Y,kayou transformers 40th anniversary,https://preview.redd.it/uzb89ehplkke1.jpg?width=3024&format=pjpg&auto=webp&s=5f218d2694b9b021aff7e2d7a7674058d143525b,TF40Y/cards/reddit_1iv3yia_08.jpg,TRUE
2026-02-06 16:03:47,reddit,TF40Y,kayou transformers 40th anniversary,https://preview.redd.it/3arueehplkke1.jpg?width=3024&format=pjpg&auto=webp&s=dd8cfde7505b12b5f5cde85d52034f588ac0c5bb,TF40Y/cards/reddit_1iv3yia_09.jpg,TRUE
2026-02-06 16:03:48,reddit,TF40Y,kayou transformers 40th anniversary,https://preview.redd.it/vjrgcfhplkke1.jpg?width=3024&format=pjpg&auto=webp&s=d9432a7e6d73b9cece47f1b01747893a5a72027d,TF40Y/cards/reddit_1iv3yia_10.jpg,TRUE
2026-02-06 16:03:47,reddit,TF40Y,kayou transformers 40th anniversary,https://i.redd.it/xewo9t3fb4tc1.jpeg,TF40Y/cards/reddit_1byemdw_01.jpeg,TRUE
2026-02-06 16:03:47,reddit,TF40Y,kayou transformers 40th anniversary,https://preview.redd.it/xewo9t3fb4tc1.jpeg?auto=webp&s=76fac3d4f746886b240cb6720af0782e09edb510,TF40Y/cards/reddit_1byemdw_02.jpeg,TRUE
2026-02-06 16:03:47,forum,TF40Y,https://www.tfw2005.com/boards/threads/kayou-transformers-40th-anniversary-trading-cards.1256892/,https://www.tfw2005.com/tfw/stylinonline5.png,TF40Y/cards/forum_tfw2005_1256892_001.png,TRUE
2026-02-06 16:04:26,reddit,TFEU01,kayou transformers energon universe,https://preview.redd.it/el23nol7obwf1.jpg?width=582&format=pjpg&auto=webp&s=2ab5d4a875ece4056aa053e02a0bc112486b6d7a,TFEU01/cards/reddit_1obs339_01.jpg,TRUE
2026-02-06 16:04:38,reddit,TFEU01,kayou transformers energon universe,https://preview.redd.it/vly51yl7obwf1.jpg?width=400&format=pjpg&auto=webp&s=e89c0cfe85ee39e2e8411d96c5bcf76fdae758bc,TFEU01/cards/reddit_1obs339_02.jpg,TRUE
2026-02-06 16:04:43,reddit,TFEU01,kayou transformers energon universe,https://preview.redd.it/276vn1m7obwf1.jpg?width=700&format=pjpg&auto=webp&s=821926e9e6660e67236d2aaa271a7d739ab01570,TFEU01/cards/reddit_1obs339_03.jpg,TRUE
2026-02-06 16:04:41,reddit,TFEU01,kayou transformers energon universe,https://i.redd.it/ie99gn729mdg1.jpeg,TFEU01/cards/reddit_1qe2mwx_01.jpeg,TRUE
2026-02-06 16:04:26,reddit,TFEU01,kayou transformers energon universe,https://preview.redd.it/ie99gn729mdg1.jpeg?auto=webp&s=e6ffd8cb8feaae43d6b79640682d2dc04b49ab82,TFEU01/cards/reddit_1qe2mwx_02.jpeg,TRUE
2026-02-06 16:04:27,reddit,TFEU01,kayou transformers energon universe,https://preview.redd.it/b2o5vseljiyc1.jpg?width=1555&format=pjpg&auto=webp&s=1fd392c6508e183efd5c8dda12c97e2161f01f48,TFEU01/cards/reddit_1ckg9w9_01.jpg,TRUE
2026-02-06 16:04:42,reddit,TFEU01,kayou transformers energon universe,https://preview.redd.it/t0qh1gfljiyc1.jpg?width=1527&format=pjpg&auto=webp&s=acf353ac38f5ff2476f8a9c005e2585b4e26d5b3,TFEU01/cards/reddit_1ckg9w9_02.jpg,TRUE
2026-02-06 16:04:43,reddit,TFEU01,kayou transformers energon universe,https://preview.redd.it/3pytnteljiyc1.jpg?width=1581&format=pjpg&auto=webp&s=2f8056947238d1711fcb1ce4f302d67b1f2ed1dc,TFEU01/cards/reddit_1ckg9w9_03.jpg,TRUE
2026-02-06 16:04:43,reddit,TFEU01,kayou transformers energon universe,https://preview.redd.it/vhglmlsq112g1.jpg?width=1536&format=pjpg&auto=webp&s=ee58f1d75ccd23545cec8e777cb8f9a79766bfd7,TFEU01/cards/reddit_1p0dtjq_01.jpg,TRUE
2026-02-06 16:04:42,reddit,TFEU01,kayou transformers energon universe,https://preview.redd.it/tgo52i8s112g1.jpg?width=2048&format=pjpg&auto=webp&s=b8d66b3c6dec602df0a5c7393f506e2e734409fa,TFEU01/cards/reddit_1p0dtjq_02.jpg,TRUE
2026-02-06 16:04:43,reddit,TFEU01,kayou transformers energon universe,https://preview.redd.it/16fxhh2u112g1.jpg?width=1536&format=pjpg&auto=webp&s=3687012f826f86e45e54159996335f14b3a738b4,TFEU01/cards/reddit_1p0dtjq_03.jpg,TRUE
2026-02-06 16:04:43,reddit,TFEU01,kayou transformers energon universe,https://preview.redd.it/dmtty4nx212g1.jpg?width=390&format=pjpg&auto=webp&s=664cc6ed2a8df4220fc86a8838711329313c75ae,TFEU01/cards/reddit_1p0dtjq_04.jpg,TRUE
2026-02-06 16:04:43,reddit,TFEU01,kayou transformers energon universe,https://i.redd.it/2p16zoe6pclc1.jpeg,TFEU01/cards/reddit_1b29tbd_01.jpeg,TRUE
2026-02-06 16:04:43,reddit,TFEU01,kayou transformers energon universe,https://preview.redd.it/2p16zoe6pclc1.jpeg?auto=webp&s=86504fb0151e11872416443aded9f15481194f3a,TFEU01/cards/reddit_1b29tbd_02.jpeg,TRUE
2026-02-06 16:04:29,reddit,TFEU01,kayou transformers energon universe,https://preview.redd.it/jxil8u1wup2g1.jpg?width=3024&format=pjpg&auto=webp&s=a652a2934b7bb9c6d0e841707a01fcd2fff10a80,TFEU01/cards/reddit_1p3haf1_01.jpg,TRUE
2026-02-06 16:04:41,reddit,TFEU01,kayou transformers energon universe,https://preview.redd.it/vkhhhu1wup2g1.jpg?width=3024&format=pjpg&auto=webp&s=fbfafd76af0f963a8d0234fcfd8c7701fcb97415,TFEU01/cards/reddit_1p3haf1_02.jpg,TRUE
2026-02-06 16:04:39,reddit,TFEU01,kayou transformers energon universe,https://preview.redd.it/nxyaexblpwwf1.jpg?width=1076&format=pjpg&auto=webp&s=b8c7a7a4e9abb9c909900798ae88c90241df30a8,TFEU01/cards/reddit_1oebh5q_01.jpg,TRUE
2026-02-06 16:04:39,reddit,TFEU01,kayou transformers energon universe,https://preview.redd.it/u5um3zblpwwf1.jpg?width=985&format=pjpg&auto=webp&s=5cd52f442d7ee845aecd8a10b5f706dbfbfc49e2,TFEU01/cards/reddit_1oebh5q_02.jpg,TRUE
2026-02-06 16:04:40,reddit,TFEU01,kayou transformers energon universe,https://preview.redd.it/2omp2986g1zf1.jpg?width=3056&format=pjpg&auto=webp&s=a8539cd8220d78d47807e8925e589cf3610bee2e,TFEU01/cards/reddit_1onatdk_01.jpg,TRUE
2026-02-06 16:04:40,reddit,TFEU01,kayou transformers energon universe,https://preview.redd.it/xq108hy5g1zf1.jpg?width=3056&format=pjpg&auto=webp&s=24544975437f2170f32fd0ea986cc35a29122e0e,TFEU01/cards/reddit_1onatdk_02.jpg,TRUE
2026-02-06 16:04:41,reddit,TFEU01,kayou transformers energon universe,https://preview.redd.it/u4t09436g1zf1.jpg?width=4080&format=pjpg&auto=webp&s=17d5093405d3b1baf904f549d0a80b13f8ae7e13,TFEU01/cards/reddit_1onatdk_03.jpg,TRUE
2026-02-06 16:04:43,reddit,TFEU01,kayou transformers energon universe,https://preview.redd.it/9yvmxzd5g1zf1.jpg?width=2296&format=pjpg&auto=webp&s=64e34051b82e4d75e2815823363a54d7d39ac4d3,TFEU01/cards/reddit_1onatdk_04.jpg,TRUE
2026-02-06 16:04:27,reddit,TFEU01,kayou transformers energon universe,https://preview.redd.it/cv1dhwh6g1zf1.jpg?width=2296&format=pjpg&auto=webp&s=f9d50bdd07aea8afd608c2a38b59713a7f5476b3,TFEU01/cards/reddit_1onatdk_05.jpg,TRUE
2026-02-06 16:04:28,reddit,TFEU01,kayou transformers energon universe,https://preview.redd.it/yr0voj35g1zf1.jpg?width=2296&format=pjpg&auto=webp&s=75e19dff3ee49d9b73d4bd0aa9fec773d70193a8,TFEU01/cards/reddit_1onatdk_06.jpg,TRUE
2026-02-06 16:04:28,reddit,TFEU01,kayou transformers energon universe,https://preview.redd.it/ixfdgxn6g1zf1.jpg?width=2296&format=pjpg&auto=webp&s=0fc1c27f12adbca78510777940535998281e20b3,TFEU01/cards/reddit_1onatdk_07.jpg,TRUE
2026-02-06 16:04:28,reddit,TFEU01,kayou transformers energon universe,https://preview.redd.it/9px8h0p5g1zf1.jpg?width=3056&format=pjpg&auto=webp&s=bdef83fe12f9271e55bad622f3d798a2bf7daf34,TFEU01/cards/reddit_1onatdk_08.jpg,TRUE
2026-02-06 16:04:28,reddit,TFEU01,kayou transformers energon universe,https://i.redd.it/2q3v399yzdgg1.jpeg,TFEU01/cards/reddit_1qqr5s1_01.jpeg,TRUE
2026-02-06 16:04:28,reddit,TFEU01,kayou transformers energon universe,https://preview.redd.it/2q3v399yzdgg1.jpeg?auto=webp&s=ed4470b034fbbd4ece1f61f099ad6deb425c0826,,FALSE
2026-02-06 16:04:29,reddit,TFEU01,kayou transformers energon universe,https://i.redd.it/naijhr18p4ue1.jpeg,TFEU01/cards/reddit_1jwgyc9_01.jpeg,TRUE
2026-02-06 16:04:29,reddit,TFEU01,kayou transformers energon universe,https://preview.redd.it/naijhr18p4ue1.jpeg?auto=webp&s=212551e9447f5807b064097b223aa463eb7a1e7b,TFEU01/cards/reddit_1jwgyc9_02.jpeg,TRUE
2026-02-06 16:04:29,reddit,TFEU01,kayou transformers energon universe,https://i.redd.it/54npxap19cof1.jpeg,TFEU01/cards/reddit_1nde2d8_01.jpeg,TRUE
2026-02-06 16:04:29,reddit,TFEU01,kayou transformers energon universe,https://preview.redd.it/54npxap19cof1.jpeg?auto=webp&s=9a5b49c18bd121c097152ff538bdd911e38a1a0c,TFEU01/cards/reddit_1nde2d8_02.jpeg,TRUE
2026-02-06 16:04:29,reddit,TFEU01,kayou transformers energon universe,https://i.redd.it/zo8vesketg0b1.jpg,TFEU01/cards/reddit_13k7s29_01.jpg,TRUE
2026-02-06 16:04:30,reddit,TFEU01,kayou transformers energon universe,https://preview.redd.it/zo8vesketg0b1.jpg?auto=webp&s=5a34b1dd13c70e13461d30dfac7362f3bb3d2e11,TFEU01/cards/reddit_13k7s29_02.jpg,TRUE
2026-02-06 16:04:29,reddit,TFEU01,kayou transformers energon universe,https://i.redd.it/wwx7ozt56shg1.jpeg,TFEU01/cards/reddit_1qx4l8c_01.jpeg,TRUE
2026-02-06 16:04:29,reddit,TFEU01,kayou transformers energon universe,https://preview.redd.it/wwx7ozt56shg1.jpeg?auto=webp&s=72a2ba7221815656c80fa3aae613be90df788987,TFEU01/cards/reddit_1qx4l8c_02.jpeg,TRUE
2026-02-06 16:04:31,reddit,TFEU01,kayou transformers energon universe,https://preview.redd.it/axfa9s3wn69g1.png?width=1506&format=png&auto=webp&s=427f53792c81a88d17ee062703bf2d5ba68661e6,TFEU01/cards/reddit_1purztu_01.png,TRUE
2026-02-06 16:04:31,reddit,TFEU01,kayou transformers energon universe,https://preview.redd.it/rq87i17wn69g1.png?width=1506&format=png&auto=webp&s=5de292442b33fdf97df38bbed733bc757a9077db,TFEU01/cards/reddit_1purztu_02.png,TRUE
2026-02-06 16:04:31,reddit,TFEU01,kayou transformers energon universe,https://preview.redd.it/2vufub9wn69g1.png?width=1506&format=png&auto=webp&s=fd2ee4bfdec35dd82d1194360ebb8919256d76af,TFEU01/cards/reddit_1purztu_03.png,TRUE
2026-02-06 16:04:35,reddit,TFEU01,kayou transformers energon universe,https://preview.redd.it/xvhi5rbwn69g1.png?width=1506&format=png&auto=webp&s=3d507f7ca39643d7c1df049b5aa8c0bde8aff185,TFEU01/cards/reddit_1purztu_04.png,TRUE
2026-02-06 16:04:33,reddit,TFEU01,kayou transformers energon universe,https://preview.redd.it/yt9h80ewn69g1.png?width=1506&format=png&auto=webp&s=c94cbcfb56afbb239fd9b8d438eb237c5c78502a,TFEU01/cards/reddit_1purztu_05.png,TRUE
2026-02-06 16:04:35,reddit,TFEU01,kayou transformers energon universe,https://preview.redd.it/lnh3hpgwn69g1.png?width=1506&format=png&auto=webp&s=ba9db377be28b5fd486e37c203e6038e95254c67,TFEU01/cards/reddit_1purztu_06.png,TRUE
2026-02-06 16:04:33,reddit,TFEU01,kayou transformers energon universe,https://preview.redd.it/gi1wyyiwn69g1.png?width=1505&format=png&auto=webp&s=ba7e2086b3ce4bfb3edfe959cbd68407d91304b4,TFEU01/cards/reddit_1purztu_07.png,TRUE
2026-02-06 16:04:34,reddit,TFEU01,kayou transformers energon universe,https://i.redd.it/mu22t1qlb8cg1.jpeg,TFEU01/cards/reddit_1q7v2e3_01.jpeg,TRUE
2026-02-06 16:04:34,reddit,TFEU01,kayou transformers energon universe,https://preview.redd.it/mu22t1qlb8cg1.jpeg?auto=webp&s=189c3c46586531bdd6d43065829fa283f58d4098,TFEU01/cards/reddit_1q7v2e3_02.jpeg,TRUE
2026-02-06 16:04:34,reddit,TFEU01,kayou transformers energon universe,https://preview.redd.it/8hdmdkjcs86d1.jpg?width=1080&format=pjpg&auto=webp&s=c2060b73c15b33940d53ed183c8155b68b0fc7f4,TFEU01/cards/reddit_1den83u_01.jpg,TRUE
2026-02-06 16:04:34,reddit,TFEU01,kayou transformers energon universe,https://preview.redd.it/95i4xdhcs86d1.jpg?width=1080&format=pjpg&auto=webp&s=79829c07500a6b179d1801fdd33d82f672b75d40,TFEU01/cards/reddit_1den83u_02.jpg,TRUE
2026-02-06 16:04:34,reddit,TFEU01,kayou transformers energon universe,https://preview.redd.it/r2paqvgcs86d1.jpg?width=1080&format=pjpg&auto=webp&s=80d19099d38bfa1c98f365e63198d22424e2b750,TFEU01/cards/reddit_1den83u_03.jpg,TRUE
2026-02-06 16:04:35,reddit,TFEU01,kayou transformers energon universe,https://preview.redd.it/f1vkzmjcs86d1.jpg?width=1080&format=pjpg&auto=webp&s=2d1909784cfd63fa382c903b59a88f7ebda0cea5,TFEU01/cards/reddit_1den83u_04.jpg,TRUE
2026-02-06 16:04:35,reddit,TFEU01,kayou transformers energon universe,https://preview.redd.it/g37rpkjcs86d1.jpg?width=1080&format=pjpg&auto=webp&s=e44d2994d7a0820e060ccce7459948df5dd36241,TFEU01/cards/reddit_1den83u_05.jpg,TRUE
2026-02-06 16:04:35,reddit,TFEU01,kayou transformers energon universe,https://preview.redd.it/lq4dzxgcs86d1.jpg?width=1080&format=pjpg&auto=webp&s=fe02a0e3bc3909e57f85e5ea97ed3a826e3d79b1,TFEU01/cards/reddit_1den83u_06.jpg,TRUE
2026-02-06 16:04:36,reddit,TFEU01,kayou transformers energon universe,https://external-preview.redd.it/EAn0CPOu0pKw-mB_LM3AmQyQ-uGOmOljJGUxgnXLZbY.jpeg?auto=webp&s=b1d5d1ad34d9ec96f4d41eb819c4a4c9870987db,TFEU01/cards/reddit_1lbowo1_01.jpeg,TRUE
2026-02-06 16:04:36,reddit,TFEU01,kayou transformers energon universe,https://preview.redd.it/m9etobulyz6f1.jpg?width=1041&format=pjpg&auto=webp&s=864ee10704160f9f680b6e5a77e13c0cf4b1bbc2,TFEU01/cards/reddit_1lbowo1_02.jpg,TRUE
2026-02-06 16:04:36,reddit,TFEU01,kayou transformers energon universe,https://preview.redd.it/eg6o2culyz6f1.jpg?width=1041&format=pjpg&auto=webp&s=9178145084526b531058f46e67761277938814a3,TFEU01/cards/reddit_1lbowo1_03.jpg,TRUE
2026-02-06 16:04:36,reddit,TFEU01,kayou transformers energon universe,https://preview.redd.it/js709culyz6f1.jpg?width=1041&format=pjpg&auto=webp&s=24d78458ca9452c3e99b277af320158e110d78b6,TFEU01/cards/reddit_1lbowo1_04.jpg,TRUE
2026-02-06 16:04:37,reddit,TFEU01,kayou transformers energon universe,https://preview.redd.it/5so3wbulyz6f1.jpg?width=1041&format=pjpg&auto=webp&s=ecffb414eab59e71531d60b7346bf00a27e1e0c3,TFEU01/cards/reddit_1lbowo1_05.jpg,TRUE
2026-02-06 16:04:37,reddit,TFEU01,kayou transformers energon universe,https://preview.redd.it/z7wfuavlyz6f1.jpg?width=1041&format=pjpg&auto=webp&s=4dcfbdfd7305f22dff21bfc5dfd378e989703bed,TFEU01/cards/reddit_1lbowo1_06.jpg,TRUE
2026-02-06 16:04:37,reddit,TFEU01,kayou transformers energon universe,https://preview.redd.it/7kt57culyz6f1.jpg?width=1041&format=pjpg&auto=webp&s=b0a35414c3385dd6a4c3ab8768c020c6815d5bae,TFEU01/cards/reddit_1lbowo1_07.jpg,TRUE
2026-02-06 16:04:37,reddit,TFEU01,kayou transformers energon universe,https://preview.redd.it/rkfr4culyz6f1.jpg?width=1041&format=pjpg&auto=webp&s=8ddb2a008c542c67cf93645884f65e5cbd4707bf,TFEU01/cards/reddit_1lbowo1_08.jpg,TRUE
2026-02-06 16:04:37,reddit,TFEU01,kayou transformers energon universe,https://preview.redd.it/755qgculyz6f1.jpg?width=1041&format=pjpg&auto=webp&s=e5dfa08e7535d9d56f97bab6e8a724f7925b9192,TFEU01/cards/reddit_1lbowo1_09.jpg,TRUE
2026-02-06 16:04:38,reddit,TFEU01,kayou transformers energon universe,https://preview.redd.it/glh5kculyz6f1.jpg?width=1041&format=pjpg&auto=webp&s=20155ffe919f19487dfd699fa62a7ed127730310,TFEU01/cards/reddit_1lbowo1_10.jpg,TRUE
2026-02-06 16:04:38,reddit,TFEU01,kayou transformers energon universe,https://preview.redd.it/73slvculyz6f1.jpg?width=1041&format=pjpg&auto=webp&s=da1db8a9820fa9cc581d3e438e3536b320aa98b3,TFEU01/cards/reddit_1lbowo1_11.jpg,TRUE
2026-02-06 16:04:38,reddit,TFEU01,kayou transformers energon universe,https://preview.redd.it/h5dskculyz6f1.jpg?width=1008&format=pjpg&auto=webp&s=09c3764e00d8a349e9abc237d50ab2aceacffc62,TFEU01/cards/reddit_1lbowo1_12.jpg,TRUE
2026-02-06 16:04:40,reddit,TFEU01,kayou transformers energon universe,https://preview.redd.it/0e2ppculyz6f1.jpg?width=1041&format=pjpg&auto=webp&s=27e40a3ead06d7a7b0a80a5d15f807e7ac0407f1,TFEU01/cards/reddit_1lbowo1_13.jpg,TRUE
2026-02-06 16:04:39,reddit,TFEU01,kayou transformers energon universe,https://preview.redd.it/oca97dulyz6f1.jpg?width=1041&format=pjpg&auto=webp&s=56a4cf9148f8c8ea2f2c7d4238b879aa15fee1fb,TFEU01/cards/reddit_1lbowo1_14.jpg,TRUE
2026-02-06 16:04:39,reddit,TFEU01,kayou transformers energon universe,https://preview.redd.it/lgfq4dulyz6f1.jpg?width=1041&format=pjpg&auto=webp&s=a2bb04f6bbab55ccf811d1489ab24219030f42a7,TFEU01/cards/reddit_1lbowo1_15.jpg,TRUE
2026-02-06 16:04:39,reddit,TFEU01,kayou transformers energon universe,https://preview.redd.it/ptlzddulyz6f1.jpg?width=1041&format=pjpg&auto=webp&s=0546f47a48b38ce9c596282906c83b50046d53a5,TFEU01/cards/reddit_1lbowo1_16.jpg,TRUE
2026-02-06 16:04:39,reddit,TFEU01,kayou transformers energon universe,https://preview.redd.it/kou8nfulyz6f1.jpg?width=1041&format=pjpg&auto=webp&s=43610c2834f18becc22efdd790a1371a14d4a21c,TFEU01/cards/reddit_1lbowo1_17.jpg,TRUE
2026-02-06 16:04:40,reddit,TFEU01,kayou transformers energon universe,https://preview.redd.it/wk83leulyz6f1.jpg?width=1041&format=pjpg&auto=webp&s=d3fdb9ca236741d00c3321c396f803a845c0bfce,TFEU01/cards/reddit_1lbowo1_18.jpg,TRUE
2026-02-06 16:04:40,reddit,TFEU01,kayou transformers energon universe,https://preview.redd.it/kyqtneulyz6f1.jpg?width=1041&format=pjpg&auto=webp&s=050f03d7b65e98d904238a5873881316c69ab5d3,TFEU01/cards/reddit_1lbowo1_19.jpg,TRUE
2026-02-06 16:04:40,reddit,TFEU01,kayou transformers energon universe,https://external-preview.redd.it/zoiiFR04UNGX081vLfLHfg87a1S_O0PPWw_kEJFNCdY.jpeg?auto=webp&s=b0ca1dcecd1a1e949284a25a1063e260bb507e30,TFEU01/cards/reddit_1oumrom_01.jpeg,TRUE
2026-02-06 16:04:40,reddit,TFEU01,kayou transformers energon universe,https://i.redd.it/0a9fgc6u40fg1.jpeg,TFEU01/cards/reddit_1qkd55y_01.jpeg,TRUE
2026-02-06 16:04:40,reddit,TFEU01,kayou transformers energon universe,https://preview.redd.it/0a9fgc6u40fg1.jpeg?auto=webp&s=a6922e37f9f031b23e341180a4b7b6413ac90697,TFEU01/cards/reddit_1qkd55y_02.jpeg,TRUE
2026-02-06 16:04:38,reddit,TFEU01,kayou transformers energon universe,https://i.redd.it/c70si441cuag1.png,TFEU01/cards/reddit_1q1ljkx_01.png,TRUE
2026-02-06 16:04:39,reddit,TFEU01,kayou transformers energon universe,https://preview.redd.it/c70si441cuag1.png?auto=webp&s=ea99a9ef58ca984a74d035e3576d21082074a337,TFEU01/cards/reddit_1q1ljkx_02.png,TRUE
